mention,label
上呼吸道感染,DISEASE
不孕,DISEASE
不孕症,DISEASE
中风,DISEASE
乳炎,DISEASE
乳痈,DISEASE
乳痈结核,DISEASE
乳痛症,DISEASE
乳癖,DISEASE
乳腺囊性增生,DISEASE
乳腺囊性增生病,DISEASE
乳腺增生,DISEASE
乳腺增生病,DISEASE
乳腺小叶增生,DISEASE
乳腺炎,DISEASE
人肠滴虫,DISEASE
伤风感冒,DISEASE
体股癣,DISEASE
佝偻病,DISEASE
关节炎,DISEASE
再生障碍性贫血,DISEASE
前列腺增生,DISEASE
前列腺增生症,DISEASE
前列腺炎,DISEASE
前列腺肥大,DISEASE
劳淋,DISEASE
十二指肠溃疡,DISEASE
升白升血小板,DISEASE
卵巢囊肿,DISEASE
厥脱症,DISEASE
呼吸道疾病,DISEASE
哮喘,DISEASE
外阴炎,DISEASE
多发性神经炎,DISEASE
多血症,DISEASE
妇科炎症,DISEASE
妇科病,DISEASE
子宫内膜异位症,DISEASE
子宫内膜炎,DISEASE
子宫壁间肌瘤,DISEASE
子宫疾病,DISEASE
子宫肌瘤,DISEASE
子宫肥大,DISEASE
宫颈炎,DISEASE
宫颈癌,DISEASE
宫颈糜烂,DISEASE
小叶增生,DISEASE
尿毒症,DISEASE
尿路感染,DISEASE
尿路结石,DISEASE
尿道炎,DISEASE
带下,DISEASE
带下清稀,DISEASE
带下病,DISEASE
心绞痛,DISEASE
心肌梗死,DISEASE
心脏病,DISEASE
念珠菌性阴道炎,DISEASE
念珠菌阴道炎,DISEASE
急性下尿路泌尿系感染,DISEASE
急性传染性肝炎,DISEASE
急性前列腺炎,DISEASE
急性子宫内膜炎,DISEASE
急性盆腔炎,DISEASE
急性肝损伤,DISEASE
急性肠炎,DISEASE
急性肾炎,DISEASE
急性附件炎,DISEASE
急性非特异性尿路感染,DISEASE
急慢性尿路感染,DISEASE
急慢性盆腔炎,DISEASE
急慢性肾小球肾炎,DISEASE
急慢性肾炎,DISEASE
性神经衰弱,DISEASE
感冒,DISEASE
慢性乙型病毒性肝炎,DISEASE
慢性前列腺炎,DISEASE
慢性子宫颈炎,DISEASE
慢性宫颈炎,DISEASE
慢性支气管哮喘,DISEASE
慢性病,DISEASE
慢性盆腔炎,DISEASE
慢性肠炎,DISEASE
慢性肾功能衰竭,DISEASE
慢性肾小球肾炎,DISEASE
慢性肾炎,DISEASE
慢性肾盂肾炎,DISEASE
慢性胃痛,DISEASE
慢性阑尾炎,DISEASE
慢性附件炎,DISEASE
扁桃体炎,DISEASE
接触性皮炎,DISEASE
支原体阴道炎,DISEASE
支气管哮喘,DISEASE
支气管扩张,DISEASE
支气管痉挛,DISEASE
斑秃,DISEASE
早泄,DISEASE
更年期综合症,DISEASE
水丸,DISEASE
泌尿系感染,DISEASE
泌尿系统感染,DISEASE
泌尿结石,DISEASE
浅表性胃炎,DISEASE
浆膜下肌瘤,DISEASE
淋巴结结核,DISEASE
淋菌性阴道炎,DISEASE
温热类疾病,DISEASE
湿热下注,DISEASE
湿热带下病,DISEASE
湿热挟瘀症,DISEASE
湿疹,DISEASE
溃疡性结肠炎,DISEASE
溃疡病,DISEASE
滴虫性,DISEASE
滴虫性尿道炎,DISEASE
滴虫性引导炎,DISEASE
滴虫性阴道炎,DISEASE
滴虫阴道炎,DISEASE
炎症,DISEASE
热淋,DISEASE
甲状腺功能低下,DISEASE
甲状腺肿大,DISEASE
痰核瘿瘤,DISEASE
瘀血,DISEASE
瘰疠,DISEASE
白内障,DISEASE
白浊,DISEASE
白细胞减少症,DISEASE
皮疹,DISEASE
盆腔炎,DISEASE
盆腔瘀血,DISEASE
盆腔粘连,DISEASE
盘腔炎,DISEASE
眩晕症,DISEASE
眼结膜炎,DISEASE
睾丸结核,DISEASE
睾丸肿瘤,DISEASE
筋膜炎,DISEASE
类风湿,DISEASE
精冷而稀,DISEASE
精浊,DISEASE
精神病,DISEASE
糖尿病,DISEASE
细菌性痢疾,DISEASE
细菌性阴道病,DISEASE
缺铁性贫血,DISEASE
老年性阴道炎,DISEASE
老年痴呆症,DISEASE
肉芽肿,DISEASE
肝损伤,DISEASE
肝炎,DISEASE
肝病,DISEASE
肝癌,DISEASE
肝肾功能不全,DISEASE
肺结核,DISEASE
肺脓疡,DISEASE
肾上腺皮质功能减退,DISEASE
肾功能衰竭,DISEASE
肾挫伤,DISEASE
肾炎,DISEASE
肾病,DISEASE
肾盂肾炎,DISEASE
肿瘤,DISEASE
胃溃疡,DISEASE
胃炎,DISEASE
胃癌,DISEASE
胆囊癌,DISEASE
胰腺炎,DISEASE
脂溢性脱发,DISEASE
脂肪瘤,DISEASE
脑动脉硬化,DISEASE
脾虚大便溏,DISEASE
腰椎退行性病变,DISEASE
腰锥退行性病变,DISEASE
膀胱炎,DISEASE
艾氏腹水癌,DISEASE
荨麻疹,DISEASE
药疹,DISEASE
菌痢,DISEASE
营养性贫血,DISEASE
薄膜衣片,DISEASE
血压者,DISEASE
血小板减少症,DISEASE
血栓,DISEASE
血管性水肿,DISEASE
血管神经性头痛,DISEASE
视网膜病变,DISEASE
贫血,DISEASE
赤带,DISEASE
软组织损伤,DISEASE
辜丸结核,DISEASE
过敏性鼻炎,DISEASE
造血系统疾病,DISEASE
遗精滑泄,DISEASE
重度宫颈糜烂,DISEASE
阳痿不举,DISEASE
阴蚀,DISEASE
阴道溃疡,DISEASE
阴道炎,DISEASE
阴道粘膜炎,DISEASE
阴道霉菌感染,DISEASE
附件炎,DISEASE
附件炎性包块,DISEASE
霉菌性,DISEASE
霉菌性阴道炎,DISEASE
青光眼,DISEASE
非特异性阴道,DISEASE
非特异性阴道炎,DISEASE
非缺铁性贫血,DISEASE
颈椎病,DISEASE
风湿,DISEASE
食道癌,DISEASE
骨髓增生异常,DISEASE
骨髓炎,DISEASE
高血压,DISEASE
高血脂,DISEASE
下尿路感染,DISEASE_GROUP
不孕症,DISEASE_GROUP
严重消化系统疾病,DISEASE_GROUP
中毒,DISEASE_GROUP
乳痛症,DISEASE_GROUP
乳癖,DISEASE_GROUP
乳腺单纯性囊肿,DISEASE_GROUP
乳腺囊性增生病,DISEASE_GROUP
乳腺增生,DISEASE_GROUP
乳腺增生病,DISEASE_GROUP
乳腺炎,DISEASE_GROUP
乳腺癌,DISEASE_GROUP
乳腺纤维瘤,DISEASE_GROUP
催眠镇静药,DISEASE_GROUP
内分泌失调,DISEASE_GROUP
冠心病,DISEASE_GROUP
出血性疾病,DISEASE_GROUP
出血症,DISEASE_GROUP
列腺增生,DISEASE_GROUP
前列腺增,DISEASE_GROUP
前列腺增生,DISEASE_GROUP
前列腺增生症,DISEASE_GROUP
前列腺炎,DISEASE_GROUP
原发性疾病,DISEASE_GROUP
口腔炎症,DISEASE_GROUP
呼吸道疾病,DISEASE_GROUP
女子不孕症,DISEASE_GROUP
妇女病,DISEASE_GROUP
妇科多种炎症,DISEASE_GROUP
妇科慢性炎症,DISEASE_GROUP
妇科炎症,DISEASE_GROUP
妇科疾病,DISEASE_GROUP
妇科病,DISEASE_GROUP
子宫疾病,DISEASE_GROUP
子宫病,DISEASE_GROUP
宫颈炎,DISEASE_GROUP
宫颈癌,DISEASE_GROUP
寒性肾病,DISEASE_GROUP
少精子症,DISEASE_GROUP
尿路感染,DISEASE_GROUP
尿道感染,DISEASE_GROUP
尿道炎,DISEASE_GROUP
带下,DISEASE_GROUP
带下病,DISEASE_GROUP
弱精子症,DISEASE_GROUP
弱精症,DISEASE_GROUP
心脏病,DISEASE_GROUP
急性及慢性前列腺炎,DISEASE_GROUP
急性戒断症,DISEASE_GROUP
急性肾小球肾炎,DISEASE_GROUP
性功能低下症,DISEASE_GROUP
性病后遗症,DISEASE_GROUP
感冒类药,DISEASE_GROUP
慢性前列腺炎,DISEASE_GROUP
慢性妇科炎症,DISEASE_GROUP
慢性宫颈糜烂,DISEASE_GROUP
慢性支气管炎,DISEASE_GROUP
慢性炎症,DISEASE_GROUP
慢性疾病,DISEASE_GROUP
慢性病,DISEASE_GROUP
慢性盆腔炎,DISEASE_GROUP
慢性肾炎,DISEASE_GROUP
慢性肾盂肾炎,DISEASE_GROUP
慢性非特异性前列腺炎,DISEASE_GROUP
扁桃体炎,DISEASE_GROUP
支气管炎,DISEASE_GROUP
更年期综合症,DISEASE_GROUP
月经期症候群,DISEASE_GROUP
油脂分泌过多症,DISEASE_GROUP
泌尿系感染,DISEASE_GROUP
泌尿系统疾病,DISEASE_GROUP
泌尿系统肿瘤,DISEASE_GROUP
泌尿结石,DISEASE_GROUP
消化系统疾病,DISEASE_GROUP
消化道疾病,DISEASE_GROUP
淋病,DISEASE_GROUP
淋症,DISEASE_GROUP
淋证,DISEASE_GROUP
淤血腰痛,DISEASE_GROUP
湿热挟瘀症,DISEASE_GROUP
湿疹,DISEASE_GROUP
溃疡病,DISEASE_GROUP
热淋,DISEASE_GROUP
生冷,DISEASE_GROUP
男女一切肾病,DISEASE_GROUP
男女肾病,DISEASE_GROUP
男性不育,DISEASE_GROUP
男性不育症,DISEASE_GROUP
男性乳腺发育症,DISEASE_GROUP
痞瘤,DISEASE_GROUP
癌症,DISEASE_GROUP
癫痫病,DISEASE_GROUP
盆腔炎,DISEASE_GROUP
神经疾病,DISEASE_GROUP
类风湿关节炎,DISEASE_GROUP
精神病,DISEASE_GROUP
糖尿病,DISEASE_GROUP
结核病,DISEASE_GROUP
老年痴呆,DISEASE_GROUP
耳廓炎,DISEASE_GROUP
肝炎,DISEASE_GROUP
肝病,DISEASE_GROUP
肝癌,DISEASE_GROUP
肝硬化,DISEASE_GROUP
肝肾疾,DISEASE_GROUP
肠易激综合症,DISEASE_GROUP
肠病,DISEASE_GROUP
肺心病,DISEASE_GROUP
肺炎,DISEASE_GROUP
肺癌,DISEASE_GROUP
肾功能,DISEASE_GROUP
肾小球肾炎,DISEASE_GROUP
肾炎,DISEASE_GROUP
肾病,DISEASE_GROUP
肾盂肾炎,DISEASE_GROUP
肾脏病,DISEASE_GROUP
肾虚,DISEASE_GROUP
肾虚水肿,DISEASE_GROUP
肾赫依病,DISEASE_GROUP
肾阴阳两虚症,DISEASE_GROUP
肿瘤病,DISEASE_GROUP
胃癌,DISEASE_GROUP
胃肠痞病,DISEASE_GROUP
胆囊癌,DISEASE_GROUP
胆病,DISEASE_GROUP
胆痞病,DISEASE_GROUP
胸腺萎缩,DISEASE_GROUP
脚气,DISEASE_GROUP
脱发症,DISEASE_GROUP
脾肾炎,DISEASE_GROUP
腮腺炎,DISEASE_GROUP
腰痛,DISEASE_GROUP
膀胱炎,DISEASE_GROUP
艾滋病患者,DISEASE_GROUP
艾滋病毒感染,DISEASE_GROUP
蜂窝组织炎,DISEASE_GROUP
血液疾病,DISEASE_GROUP
跌打损伤,DISEASE_GROUP
辛辣,DISEASE_GROUP
阴道感染,DISEASE_GROUP
阴道炎,DISEASE_GROUP
附件炎,DISEASE_GROUP
青少年白发症,DISEASE_GROUP
非淋菌性尿道炎,DISEASE_GROUP
风湿症,DISEASE_GROUP
风湿痛,DISEASE_GROUP
食道癌,DISEASE_GROUP
高泌乳血症,DISEASE_GROUP
高脂血症,DISEASE_GROUP
乌鸡白凤丸,DRUG
乌鸡白凤丸口服液,DRUG
五子衍宗软胶囊,DRUG
五灵脂,DRUG
元胡止痛颗粒,DRUG
八珍益母丸,DRUG
八珍益母胶囊,DRUG
再造生血片,DRUG
利福平,DRUG
前列安通片,DRUG
前列解毒胶囊,DRUG
化瘀散结灌肠液,DRUG
十一味参芪片,DRUG
卡马西平,DRUG
去铁胺,DRUG
参茸强肾片,DRUG
吉祥安坤丸,DRUG
四物汤,DRUG
四环素类抗生素,DRUG
固肾生发丸,DRUG
坤复康胶囊,DRUG
复方斯亚旦生发酊,DRUG
复方益母片,DRUG
复方胎盘片,DRUG
夏枯草片,DRUG
头孢呋新,DRUG
头晕,DRUG
妇乐片,DRUG
妇乐颗粒,DRUG
妇康胶囊,DRUG
妇科十味片,DRUG
孕妇金花片,DRUG
孕康颗粒,DRUG
宫颈炎康栓,DRUG
强力霉素,DRUG
强的松,DRUG
感冒药,DRUG
抗宫炎胶囊,DRUG
抗生素,DRUG
新生化顆粒,DRUG
新生化颗粒,DRUG
桂龙药膏,DRUG
氯丙嗪,DRUG
水蜜丸,DRUG
洁尔阴洗液,DRUG
海狗丸,DRUG
温肾前列胶囊,DRUG
溃疡性结肠炎,DRUG
生化丸,DRUG
生化汤,DRUG
生发丸,DRUG
疏肝益阳胶囊,DRUG
百安洗液,DRUG
皂荚,DRUG
盆炎净胶囊,DRUG
益母草膏,DRUG
益母草颗粒,DRUG
益肾强身丸,DRUG
知柏地黄丸,DRUG
磷酸盐,DRUG
竹红菌素软膏,DRUG
红霉素,DRUG
艾附暖宫丸,DRUG
苯妥英钠,DRUG
苯巴比妥,DRUG
虫草金钱龟口服液,DRUG
西咪替丁,DRUG
解毒通淋丸,DRUG
赤石脂,DRUG
金刚藤糖浆,DRUG
金锁固精丸,DRUG
阿莫西林,DRUG
鞣酸,DRUG
丸剂,DRUG_DOSAGE
乳膏,DRUG_DOSAGE
冲服剂,DRUG_DOSAGE
凝胶,DRUG_DOSAGE
包糖衣,DRUG_DOSAGE
包衣丸,DRUG_DOSAGE
包衣浓缩丸,DRUG_DOSAGE
半流体,DRUG_DOSAGE
口服液,DRUG_DOSAGE
合剂,DRUG_DOSAGE
味甜,DRUG_DOSAGE
味苦,DRUG_DOSAGE
囊剂,DRUG_DOSAGE
块状物,DRUG_DOSAGE
大蜜丸,DRUG_DOSAGE
小丸粒,DRUG_DOSAGE
小糊丸,DRUG_DOSAGE
小蜜丸,DRUG_DOSAGE
微苦,DRUG_DOSAGE
悬液,DRUG_DOSAGE
慈航片,DRUG_DOSAGE
方剂,DRUG_DOSAGE
栓剂,DRUG_DOSAGE
棕色至黑褐色,DRUG_DOSAGE
棕褐色,DRUG_DOSAGE
橡皮膏,DRUG_DOSAGE
橡胶膏,DRUG_DOSAGE
水丸,DRUG_DOSAGE
水密丸,DRUG_DOSAGE
水泛丸,DRUG_DOSAGE
水蜜,DRUG_DOSAGE
水蜜丸,DRUG_DOSAGE
泡腾片,DRUG_DOSAGE
浓缩丸,DRUG_DOSAGE
浓缩水丸,DRUG_DOSAGE
液体,DRUG_DOSAGE
滴丸,DRUG_DOSAGE
片,DRUG_DOSAGE
片剂,DRUG_DOSAGE
白带丸,DRUG_DOSAGE
硬胶囊,DRUG_DOSAGE
硬胶囊剂,DRUG_DOSAGE
稠膏,DRUG_DOSAGE
粉未,DRUG_DOSAGE
粉末,DRUG_DOSAGE
粗粉,DRUG_DOSAGE
糊丸,DRUG_DOSAGE
糖衣,DRUG_DOSAGE
糖衣浓缩丸,DRUG_DOSAGE
糖衣片,DRUG_DOSAGE
素丸,DRUG_DOSAGE
素片,DRUG_DOSAGE
细粉,DRUG_DOSAGE
胶囊,DRUG_DOSAGE
胶囊剂,DRUG_DOSAGE
胶囊剂型,DRUG_DOSAGE
色糖衣片,DRUG_DOSAGE
苦参粉胶囊,DRUG_DOSAGE
薄膜衣,DRUG_DOSAGE
薄膜衣丸,DRUG_DOSAGE
薄膜衣片,DRUG_DOSAGE
蜜丸,DRUG_DOSAGE
赖粒,DRUG_DOSAGE
软胶囊,DRUG_DOSAGE
软膏,DRUG_DOSAGE
长方形块,DRUG_DOSAGE
颗粒,DRUG_DOSAGE
颗粒剂,DRUG_DOSAGE
鱼雷形栓剂,DRUG_DOSAGE
黑褐色至黑色,DRUG_DOSAGE
下乳,DRUG_EFFICACY
主治痛经,DRUG_EFFICACY
乌须发,DRUG_EFFICACY
乌须黑发,DRUG_EFFICACY
产后腹痛,DRUG_EFFICACY
人肠滴虫,DRUG_EFFICACY
以利炎症消退,DRUG_EFFICACY
使肌肉发达,DRUG_EFFICACY
促性腺作用,DRUG_EFFICACY
促性腺激素样物质,DRUG_EFFICACY
促进乳汁分泌,DRUG_EFFICACY
促进免疫,DRUG_EFFICACY
促进妊娠,DRUG_EFFICACY
促进子宫修复,DRUG_EFFICACY
促进子宫复原,DRUG_EFFICACY
促进子宫收缩,DRUG_EFFICACY
促进子宫蛋白质合成,DRUG_EFFICACY
促进生殖系统微循环,DRUG_EFFICACY
促进生精细胞增生,DRUG_EFFICACY
促进生长,DRUG_EFFICACY
促进粘膜愈合,DRUG_EFFICACY
促进精子及卵子生成,DRUG_EFFICACY
促进精子生成,DRUG_EFFICACY
促进纤溶,DRUG_EFFICACY
促进细胞解聚,DRUG_EFFICACY
促进肾上腺皮质激素生成,DRUG_EFFICACY
促进造血,DRUG_EFFICACY
促进骨髓造血,DRUG_EFFICACY
保肝,DRUG_EFFICACY
保肝作用,DRUG_EFFICACY
保胎,DRUG_EFFICACY
修复,DRUG_EFFICACY
健肾生发,DRUG_EFFICACY
健脑,DRUG_EFFICACY
健脑增髓,DRUG_EFFICACY
健脑安神,DRUG_EFFICACY
健脑强心,DRUG_EFFICACY
健脑补肾,DRUG_EFFICACY
健脾养血,DRUG_EFFICACY
健脾利湿,DRUG_EFFICACY
健脾和胃,DRUG_EFFICACY
健脾固肾,DRUG_EFFICACY
健脾消食,DRUG_EFFICACY
健脾温肾,DRUG_EFFICACY
健脾燥湿,DRUG_EFFICACY
健脾益气,DRUG_EFFICACY
健脾益肾,DRUG_EFFICACY
健脾祛湿,DRUG_EFFICACY
健脾舒肝,DRUG_EFFICACY
健脾补肾,DRUG_EFFICACY
健脾除湿,DRUG_EFFICACY
健运中焦,DRUG_EFFICACY
免疫调节,DRUG_EFFICACY
入血散寒,DRUG_EFFICACY
养心健肾,DRUG_EFFICACY
养心养肾,DRUG_EFFICACY
养心安神,DRUG_EFFICACY
养气养血,DRUG_EFFICACY
养经调学,DRUG_EFFICACY
养肝,DRUG_EFFICACY
养肝肾,DRUG_EFFICACY
养血,DRUG_EFFICACY
养血化瘀,DRUG_EFFICACY
养血填精,DRUG_EFFICACY
养血安胎,DRUG_EFFICACY
养血息风,DRUG_EFFICACY
养血柔肝,DRUG_EFFICACY
养血活血,DRUG_EFFICACY
养血清热,DRUG_EFFICACY
养血滋阴,DRUG_EFFICACY
养血理气,DRUG_EFFICACY
养血生发,DRUG_EFFICACY
养血益气,DRUG_EFFICACY
养血益精,DRUG_EFFICACY
养血祛瘀,DRUG_EFFICACY
养血舒肝,DRUG_EFFICACY
养血补血,DRUG_EFFICACY
养血调经,DRUG_EFFICACY
养血通络,DRUG_EFFICACY
养阴润肺,DRUG_EFFICACY
养阴生津,DRUG_EFFICACY
养阴补血,DRUG_EFFICACY
兼散风热,DRUG_EFFICACY
凉血,DRUG_EFFICACY
凉血乌发,DRUG_EFFICACY
凉血止痒,DRUG_EFFICACY
凉血止血,DRUG_EFFICACY
凉血通淋,DRUG_EFFICACY
凉血除湿,DRUG_EFFICACY
减轻肿胀,DRUG_EFFICACY
利关节,DRUG_EFFICACY
利小便,DRUG_EFFICACY
利尿,DRUG_EFFICACY
利尿作用,DRUG_EFFICACY
利尿止痛,DRUG_EFFICACY
利尿消肿,DRUG_EFFICACY
利尿通淋,DRUG_EFFICACY
利尿降浊,DRUG_EFFICACY
利水消肿,DRUG_EFFICACY
利水退肿,DRUG_EFFICACY
利水通淋,DRUG_EFFICACY
利湿,DRUG_EFFICACY
利湿去浊,DRUG_EFFICACY
利湿通淋,DRUG_EFFICACY
刺激精子生成,DRUG_EFFICACY
功用活血,DRUG_EFFICACY
加强子宫收缩,DRUG_EFFICACY
加强机体抵抗力,DRUG_EFFICACY
助气固精,DRUG_EFFICACY
助湿化热,DRUG_EFFICACY
助阳,DRUG_EFFICACY
助阳兴痿,DRUG_EFFICACY
助阳兴萎,DRUG_EFFICACY
化核破瘀,DRUG_EFFICACY
化气利水,DRUG_EFFICACY
化气行水,DRUG_EFFICACY
化浊,DRUG_EFFICACY
化浊排毒,DRUG_EFFICACY
化浊通淋,DRUG_EFFICACY
化湿止带,DRUG_EFFICACY
化湿消肿,DRUG_EFFICACY
化症止痛,DRUG_EFFICACY
化痰,DRUG_EFFICACY
化痰散结,DRUG_EFFICACY
化痰止咳,DRUG_EFFICACY
化瘀,DRUG_EFFICACY
化瘀定痛,DRUG_EFFICACY
化瘀散结,DRUG_EFFICACY
化瘀散结止痛,DRUG_EFFICACY
化瘀止痛,DRUG_EFFICACY
化瘀止血,DRUG_EFFICACY
化瘀清热,DRUG_EFFICACY
化瘀生新,DRUG_EFFICACY
化瘀祛痰,DRUG_EFFICACY
化瘀行滞,DRUG_EFFICACY
化瘀行血,DRUG_EFFICACY
化瘀解毒,DRUG_EFFICACY
化瘀调经,DRUG_EFFICACY
化瘀通淋,DRUG_EFFICACY
化癥止痛,DRUG_EFFICACY
化百止痛,DRUG_EFFICACY
化解体内肿块,DRUG_EFFICACY
升高失血性,DRUG_EFFICACY
去湿,DRUG_EFFICACY
去瘀止痛,DRUG_EFFICACY
去腐,DRUG_EFFICACY
去腐生肌,DRUG_EFFICACY
和营调经,DRUG_EFFICACY
和血通络,DRUG_EFFICACY
咽喉肿痛,DRUG_EFFICACY
回阳救逆,DRUG_EFFICACY
固冲,DRUG_EFFICACY
固冲安胎,DRUG_EFFICACY
固发,DRUG_EFFICACY
固精,DRUG_EFFICACY
固精止遗,DRUG_EFFICACY
固精涩精,DRUG_EFFICACY
固经止带,DRUG_EFFICACY
固经止血,DRUG_EFFICACY
固肾,DRUG_EFFICACY
固肾养血,DRUG_EFFICACY
固肾养血安胎,DRUG_EFFICACY
固肾补气,DRUG_EFFICACY
固表敛汗,DRUG_EFFICACY
固表止汗,DRUG_EFFICACY
坚筋骨,DRUG_EFFICACY
坚阴安胎,DRUG_EFFICACY
填精养血,DRUG_EFFICACY
填精固真,DRUG_EFFICACY
填精改髓,DRUG_EFFICACY
填精止遗,DRUG_EFFICACY
填精益肾,DRUG_EFFICACY
填精益髓,DRUG_EFFICACY
填精补血,DRUG_EFFICACY
填补精血,DRUG_EFFICACY
增加冠脉流量,DRUG_EFFICACY
增加性欲,DRUG_EFFICACY
增加淋巴细胞百分比,DRUG_EFFICACY
增加精子数量,DRUG_EFFICACY
增大血流量,DRUG_EFFICACY
增强体液免疫,DRUG_EFFICACY
增强体质,DRUG_EFFICACY
增强免疫,DRUG_EFFICACY
增强免疫力,DRUG_EFFICACY
增强子宫收缩,DRUG_EFFICACY
增强子宫肌收缩,DRUG_EFFICACY
增强性功能,DRUG_EFFICACY
增强机体免疫,DRUG_EFFICACY
增强机体细胞免疫,DRUG_EFFICACY
增强男性体魄,DRUG_EFFICACY
增强耐缺氧,DRUG_EFFICACY
增强造血,DRUG_EFFICACY
增进食欲,DRUG_EFFICACY
壮筋骨,DRUG_EFFICACY
壮腰健肾,DRUG_EFFICACY
壮腰益肾,DRUG_EFFICACY
壮阳,DRUG_EFFICACY
壮阳补肾,DRUG_EFFICACY
壮阳通痹,DRUG_EFFICACY
大补元气,DRUG_EFFICACY
失眠,DRUG_EFFICACY
子宫增生,DRUG_EFFICACY
子宫收缩,DRUG_EFFICACY
安定,DRUG_EFFICACY
安神,DRUG_EFFICACY
安神养心,DRUG_EFFICACY
安神固精,DRUG_EFFICACY
安神明目,DRUG_EFFICACY
安神解郁,DRUG_EFFICACY
安胎,DRUG_EFFICACY
安胎顺产,DRUG_EFFICACY
宜痹止痛,DRUG_EFFICACY
宿有症块,DRUG_EFFICACY
小儿盗汗,DRUG_EFFICACY
局部肿痛,DRUG_EFFICACY
崩漏下血,DRUG_EFFICACY
带下量多,DRUG_EFFICACY
平肝,DRUG_EFFICACY
延缓衰老,DRUG_EFFICACY
开窃醒神,DRUG_EFFICACY
开郁舒气,DRUG_EFFICACY
开郁顺气,DRUG_EFFICACY
强体增精,DRUG_EFFICACY
强壮健脑,DRUG_EFFICACY
强壮筋骨,DRUG_EFFICACY
强壮身体,DRUG_EFFICACY
强心健身,DRUG_EFFICACY
强机体免疫,DRUG_EFFICACY
强筋健骨,DRUG_EFFICACY
强筋壮骨,DRUG_EFFICACY
强筋补髓,DRUG_EFFICACY
强筋骨,DRUG_EFFICACY
强精增髓,DRUG_EFFICACY
强腰膝,DRUG_EFFICACY
强腰补肾,DRUG_EFFICACY
强身健体,DRUG_EFFICACY
强身补脑,DRUG_EFFICACY
快速止痛,DRUG_EFFICACY
恶露不尽,DRUG_EFFICACY
愈溃疡,DRUG_EFFICACY
扩张冠状动脉,DRUG_EFFICACY
扩张外周血管,DRUG_EFFICACY
扩张血管,DRUG_EFFICACY
扩血管,DRUG_EFFICACY
扶正固本,DRUG_EFFICACY
抑制乳腺上皮增生,DRUG_EFFICACY
抑制子宫收缩,DRUG_EFFICACY
抑制泡周围平滑肌细胞增殖,DRUG_EFFICACY
抑制炎症,DRUG_EFFICACY
抑制真菌,DRUG_EFFICACY
抑制纤溶,DRUG_EFFICACY
抑制胃液分泌,DRUG_EFFICACY
抑制血小板,DRUG_EFFICACY
抑制血小板聚集,DRUG_EFFICACY
抑制补体,DRUG_EFFICACY
抑制醋酸,DRUG_EFFICACY
抑菌,DRUG_EFFICACY
抑菌抗炎,DRUG_EFFICACY
抗凝,DRUG_EFFICACY
抗凝血,DRUG_EFFICACY
抗变态反应,DRUG_EFFICACY
抗实验性心肌梗死,DRUG_EFFICACY
抗心绞痛,DRUG_EFFICACY
抗心肌缺血,DRUG_EFFICACY
抗感染,DRUG_EFFICACY
抗抑郁,DRUG_EFFICACY
抗氧化,DRUG_EFFICACY
抗溃疡,DRUG_EFFICACY
抗炎,DRUG_EFFICACY
抗炎作用,DRUG_EFFICACY
抗炎抑菌,DRUG_EFFICACY
抗炎止血,DRUG_EFFICACY
抗炎消肿,DRUG_EFFICACY
抗炎镇痛,DRUG_EFFICACY
抗病毒,DRUG_EFFICACY
抗脂肪肝,DRUG_EFFICACY
抗菌,DRUG_EFFICACY
抗菌消炎,DRUG_EFFICACY
抗菌镇痛,DRUG_EFFICACY
抗血小板凝聚,DRUG_EFFICACY
抗血栓,DRUG_EFFICACY
抗衰老,DRUG_EFFICACY
抗衰防老,DRUG_EFFICACY
抗贫血,DRUG_EFFICACY
抗霉菌,DRUG_EFFICACY
拔毒生肌,DRUG_EFFICACY
拮抗乙酰胆碱,DRUG_EFFICACY
振奋精神,DRUG_EFFICACY
排出瘀血,DRUG_EFFICACY
排瘀生新,DRUG_EFFICACY
提高人体免疫功能,DRUG_EFFICACY
提高体内睾酮浓度,DRUG_EFFICACY
提高免疫,DRUG_EFFICACY
提高免疫力,DRUG_EFFICACY
提高机体免疫,DRUG_EFFICACY
提高机体免疫力,DRUG_EFFICACY
提高机体抗疲劳能力,DRUG_EFFICACY
提高淋巴细胞转化率,DRUG_EFFICACY
提高痛阈,DRUG_EFFICACY
提高精子活力,DRUG_EFFICACY
提高精子活动力,DRUG_EFFICACY
收敛,DRUG_EFFICACY
收敛止带,DRUG_EFFICACY
收敛止痒,DRUG_EFFICACY
收敛止血,DRUG_EFFICACY
收敛肺气,DRUG_EFFICACY
收缩子宫,DRUG_EFFICACY
收缩血管,DRUG_EFFICACY
改善乏力,DRUG_EFFICACY
改善微循环,DRUG_EFFICACY
改善消化功能,DRUG_EFFICACY
改善皮肤弹性,DRUG_EFFICACY
改善睡眠,DRUG_EFFICACY
改善精液的异常,DRUG_EFFICACY
改善血液循环,DRUG_EFFICACY
改善血管壁功能,DRUG_EFFICACY
攻寒,DRUG_EFFICACY
散寒,DRUG_EFFICACY
散寒止痛,DRUG_EFFICACY
散寒邪,DRUG_EFFICACY
散瘀消肿,DRUG_EFFICACY
散结,DRUG_EFFICACY
散结止痛,DRUG_EFFICACY
散结消痛,DRUG_EFFICACY
散结消肿,DRUG_EFFICACY
散结祛瘀,DRUG_EFFICACY
散结镇痛,DRUG_EFFICACY
散郁调经,DRUG_EFFICACY
早泄,DRUG_EFFICACY
明目,DRUG_EFFICACY
暑热烦渴,DRUG_EFFICACY
暖宫止带,DRUG_EFFICACY
暖宫止痛,DRUG_EFFICACY
暖宫调经,DRUG_EFFICACY
暧宫止痛,DRUG_EFFICACY
月经不调,DRUG_EFFICACY
月经过多,DRUG_EFFICACY
月经量少,DRUG_EFFICACY
有抗炎,DRUG_EFFICACY
杀虫,DRUG_EFFICACY
杀虫止痒,DRUG_EFFICACY
松弛子宫平滑肌,DRUG_EFFICACY
止咳,DRUG_EFFICACY
止咳定喘,DRUG_EFFICACY
止带,DRUG_EFFICACY
止带下,DRUG_EFFICACY
止帮,DRUG_EFFICACY
止泻,DRUG_EFFICACY
止痒,DRUG_EFFICACY
止痒杀虫,DRUG_EFFICACY
止痛,DRUG_EFFICACY
止痛化,DRUG_EFFICACY
止痛散结,DRUG_EFFICACY
止痛清热,DRUG_EFFICACY
止痛调经,DRUG_EFFICACY
止痹痛,DRUG_EFFICACY
止血,DRUG_EFFICACY
止血作用,DRUG_EFFICACY
止血安胎,DRUG_EFFICACY
止血并排出瘀血,DRUG_EFFICACY
止血散寒,DRUG_EFFICACY
止血调经,DRUG_EFFICACY
气短乏力,DRUG_EFFICACY
气虚体弱,DRUG_EFFICACY
气血两虚,DRUG_EFFICACY
治疗,DRUG_EFFICACY
治疗痛经,DRUG_EFFICACY
治疗跌打损伤,DRUG_EFFICACY
泻火,DRUG_EFFICACY
泻火燥湿,DRUG_EFFICACY
泻火通便,DRUG_EFFICACY
活络,DRUG_EFFICACY
活络消肿,DRUG_EFFICACY
活络生发,DRUG_EFFICACY
活血,DRUG_EFFICACY
活血养血,DRUG_EFFICACY
活血利水,DRUG_EFFICACY
活血化淤,DRUG_EFFICACY
活血化瘀,DRUG_EFFICACY
活血化阏,DRUG_EFFICACY
活血散寒,DRUG_EFFICACY
活血散结,DRUG_EFFICACY
活血止痛,DRUG_EFFICACY
活血消痈,DRUG_EFFICACY
活血消痛,DRUG_EFFICACY
活血消瘀,DRUG_EFFICACY
活血消肿,DRUG_EFFICACY
活血理气,DRUG_EFFICACY
活血生肌,DRUG_EFFICACY
活血疏肝,DRUG_EFFICACY
活血瘀,DRUG_EFFICACY
活血益气,DRUG_EFFICACY
活血破瘀,DRUG_EFFICACY
活血祛瘀,DRUG_EFFICACY
活血行气,DRUG_EFFICACY
活血补肾,DRUG_EFFICACY
活血补血,DRUG_EFFICACY
活血解毒,DRUG_EFFICACY
活血调经,DRUG_EFFICACY
活血逐瘀,DRUG_EFFICACY
活血通淋,DRUG_EFFICACY
活血通瘀,DRUG_EFFICACY
活血通经,DRUG_EFFICACY
活血通络,DRUG_EFFICACY
消徵破积,DRUG_EFFICACY
消散乳块,DRUG_EFFICACY
消炎,DRUG_EFFICACY
消炎止痛,DRUG_EFFICACY
消炎灭菌,DRUG_EFFICACY
消炎解毒,DRUG_EFFICACY
消炎镇痛,DRUG_EFFICACY
消症,DRUG_EFFICACY
消症破积,DRUG_EFFICACY
消瘀,DRUG_EFFICACY
消癥,DRUG_EFFICACY
消积化滞,DRUG_EFFICACY
消积化痰,DRUG_EFFICACY
消积理脾,DRUG_EFFICACY
消粘,DRUG_EFFICACY
消肿,DRUG_EFFICACY
消肿散结,DRUG_EFFICACY
消肿止痛,DRUG_EFFICACY
消除乳腺结块,DRUG_EFFICACY
消除疲劳,DRUG_EFFICACY
消食,DRUG_EFFICACY
润发,DRUG_EFFICACY
润燥,DRUG_EFFICACY
润燥止血,DRUG_EFFICACY
润肠通便,DRUG_EFFICACY
涩精,DRUG_EFFICACY
涩精止遗,DRUG_EFFICACY
涩肠止泻,DRUG_EFFICACY
淡化面部色素沉着,DRUG_EFFICACY
添精增髓,DRUG_EFFICACY
添精补髓,DRUG_EFFICACY
清凉解热,DRUG_EFFICACY
清利湿浊,DRUG_EFFICACY
清利湿热,DRUG_EFFICACY
清心凉肝,DRUG_EFFICACY
清湿热,DRUG_EFFICACY
清火,DRUG_EFFICACY
清热,DRUG_EFFICACY
清热养阴,DRUG_EFFICACY
清热凉血,DRUG_EFFICACY
清热利尿,DRUG_EFFICACY
清热利湿,DRUG_EFFICACY
清热利湿助生育,DRUG_EFFICACY
清热利湿通淋,DRUG_EFFICACY
清热止带,DRUG_EFFICACY
清热止血,DRUG_EFFICACY
清热泻火,DRUG_EFFICACY
清热消肿,DRUG_EFFICACY
清热燥湿,DRUG_EFFICACY
清热燥湿止痒,DRUG_EFFICACY
清热祛湿,DRUG_EFFICACY
清热解毒,DRUG_EFFICACY
清热通淋,DRUG_EFFICACY
清热除湿,DRUG_EFFICACY
清肝泻火,DRUG_EFFICACY
清肾热,DRUG_EFFICACY
清除余毒,DRUG_EFFICACY
渗湿明目,DRUG_EFFICACY
温中止痛,DRUG_EFFICACY
温壮元阳,DRUG_EFFICACY
温宫止带,DRUG_EFFICACY
温宫止滞,DRUG_EFFICACY
温暖子宫,DRUG_EFFICACY
温筋通脉,DRUG_EFFICACY
温经化瘀,DRUG_EFFICACY
温经散寒,DRUG_EFFICACY
温经止痛,DRUG_EFFICACY
温经活血,DRUG_EFFICACY
温肤生发,DRUG_EFFICACY
温肺祛痰,DRUG_EFFICACY
温肾,DRUG_EFFICACY
温肾健脾,DRUG_EFFICACY
温肾健髓,DRUG_EFFICACY
温肾助阳,DRUG_EFFICACY
温肾固精,DRUG_EFFICACY
温肾壮阳,DRUG_EFFICACY
温肾疏肝,DRUG_EFFICACY
温肾益精,DRUG_EFFICACY
温肾补脾,DRUG_EFFICACY
温肾补虚,DRUG_EFFICACY
温肾补血,DRUG_EFFICACY
温肾补阴,DRUG_EFFICACY
温肾除湿,DRUG_EFFICACY
温补肝肾,DRUG_EFFICACY
温补肾阳,DRUG_EFFICACY
温补脾肾,DRUG_EFFICACY
温补脾胃,DRUG_EFFICACY
温阳益气,DRUG_EFFICACY
温阳补肾,DRUG_EFFICACY
湿热淤阻,DRUG_EFFICACY
溶血,DRUG_EFFICACY
滋养,DRUG_EFFICACY
滋养肝肾,DRUG_EFFICACY
滋生气血,DRUG_EFFICACY
滋肝肾,DRUG_EFFICACY
滋肾,DRUG_EFFICACY
滋肾养肺,DRUG_EFFICACY
滋肾填精,DRUG_EFFICACY
滋肾补阴,DRUG_EFFICACY
滋补强壮,DRUG_EFFICACY
滋补气血,DRUG_EFFICACY
滋补肝肾,DRUG_EFFICACY
滋阴,DRUG_EFFICACY
滋阴健脑,DRUG_EFFICACY
滋阴养血,DRUG_EFFICACY
滋阴养颜,DRUG_EFFICACY
滋阴固本,DRUG_EFFICACY
滋阴壮阳,DRUG_EFFICACY
滋阴扶阳,DRUG_EFFICACY
滋阴止血,DRUG_EFFICACY
滋阴润肺,DRUG_EFFICACY
滋阴清热,DRUG_EFFICACY
滋阴潜阳,DRUG_EFFICACY
滋阴补肝肾,DRUG_EFFICACY
滋阴补肾,DRUG_EFFICACY
滋阴补血,DRUG_EFFICACY
滋阴通乳,DRUG_EFFICACY
滋阴降火,DRUG_EFFICACY
烦燥不安,DRUG_EFFICACY
热淋涩痛,DRUG_EFFICACY
燥湿,DRUG_EFFICACY
燥湿杀虫,DRUG_EFFICACY
燥湿止带,DRUG_EFFICACY
燥湿止痢,DRUG_EFFICACY
理气,DRUG_EFFICACY
理气养血,DRUG_EFFICACY
理气化瘀,DRUG_EFFICACY
理气和血,DRUG_EFFICACY
理气止痛,DRUG_EFFICACY
理气活血,DRUG_EFFICACY
理气补血,DRUG_EFFICACY
理气解郁,DRUG_EFFICACY
理气调经,DRUG_EFFICACY
理血功能,DRUG_EFFICACY
生发乌发,DRUG_EFFICACY
生津,DRUG_EFFICACY
生津止渴,DRUG_EFFICACY
生精壮阳,DRUG_EFFICACY
生肌,DRUG_EFFICACY
生肌止痛,DRUG_EFFICACY
生血止血,DRUG_EFFICACY
生髓益精,DRUG_EFFICACY
疏肝健脾,DRUG_EFFICACY
疏肝养血,DRUG_EFFICACY
疏肝活血,DRUG_EFFICACY
疏肝理气,DRUG_EFFICACY
疏肝理气活血,DRUG_EFFICACY
疏肝解郁,DRUG_EFFICACY
疏风祛湿,DRUG_EFFICACY
疼痛缓解,DRUG_EFFICACY
益卫固表,DRUG_EFFICACY
益寿延年,DRUG_EFFICACY
益心肾,DRUG_EFFICACY
益智安神,DRUG_EFFICACY
益气,DRUG_EFFICACY
益气健脾,DRUG_EFFICACY
益气养荣,DRUG_EFFICACY
益气养血,DRUG_EFFICACY
益气养阴,DRUG_EFFICACY
益气利水,DRUG_EFFICACY
益气助阳,DRUG_EFFICACY
益气化瘀,DRUG_EFFICACY
益气固体,DRUG_EFFICACY
益气固本,DRUG_EFFICACY
益气培元,DRUG_EFFICACY
益气壮阳,DRUG_EFFICACY
益气定喘,DRUG_EFFICACY
益气摄血,DRUG_EFFICACY
益气活血,DRUG_EFFICACY
益气温阳,DRUG_EFFICACY
益气滋肾,DRUG_EFFICACY
益气生精,DRUG_EFFICACY
益气益血,DRUG_EFFICACY
益气祛风,DRUG_EFFICACY
益气血,DRUG_EFFICACY
益气补中,DRUG_EFFICACY
益气补血,DRUG_EFFICACY
益精,DRUG_EFFICACY
益精养血,DRUG_EFFICACY
益精助阳,DRUG_EFFICACY
益精填髓,DRUG_EFFICACY
益精气,DRUG_EFFICACY
益精活血,DRUG_EFFICACY
益精生血,DRUG_EFFICACY
益精血,DRUG_EFFICACY
益肝滋肾,DRUG_EFFICACY
益肝肾,DRUG_EFFICACY
益肾,DRUG_EFFICACY
益肾健脾,DRUG_EFFICACY
益肾养血,DRUG_EFFICACY
益肾利尿,DRUG_EFFICACY
益肾利湿,DRUG_EFFICACY
益肾助脾,DRUG_EFFICACY
益肾化浊,DRUG_EFFICACY
益肾化瘀,DRUG_EFFICACY
益肾和血,DRUG_EFFICACY
益肾回春,DRUG_EFFICACY
益肾填精,DRUG_EFFICACY
益肾壮阳,DRUG_EFFICACY
益肾扶阳,DRUG_EFFICACY
益肾活血,DRUG_EFFICACY
益颜美容,DRUG_EFFICACY
益髓填精,DRUG_EFFICACY
盗汗,DRUG_EFFICACY
眩晕,DRUG_EFFICACY
祛寒化痞,DRUG_EFFICACY
祛寒止痛,DRUG_EFFICACY
祛寒补肾,DRUG_EFFICACY
祛带止痒,DRUG_EFFICACY
祛毒化瘀,DRUG_EFFICACY
祛油,DRUG_EFFICACY
祛油止痒,DRUG_EFFICACY
祛湿,DRUG_EFFICACY
祛湿止带,DRUG_EFFICACY
祛湿消肿,DRUG_EFFICACY
祛湿通淋,DRUG_EFFICACY
祛疲生新,DRUG_EFFICACY
祛痰,DRUG_EFFICACY
祛痰软坚,DRUG_EFFICACY
祛瘀,DRUG_EFFICACY
祛瘀止痛,DRUG_EFFICACY
祛瘀生新,DRUG_EFFICACY
祛瘀补血,DRUG_EFFICACY
祛瘀调经,DRUG_EFFICACY
祛瘀通淋,DRUG_EFFICACY
祛瘀通闭,DRUG_EFFICACY
祛腐生肌,DRUG_EFFICACY
祛风,DRUG_EFFICACY
祛风利湿,DRUG_EFFICACY
祛风散寒,DRUG_EFFICACY
祛风散结,DRUG_EFFICACY
祛风止痒,DRUG_EFFICACY
祛风湿,DRUG_EFFICACY
祛风燥湿,DRUG_EFFICACY
祛风生发,DRUG_EFFICACY
祛风通络,DRUG_EFFICACY
祛风除湿,DRUG_EFFICACY
秃发,DRUG_EFFICACY
秘精益气,DRUG_EFFICACY
筋骨萎软,DRUG_EFFICACY
经期腹痛,DRUG_EFFICACY
缓消瘀块,DRUG_EFFICACY
缩宫,DRUG_EFFICACY
缩尿,DRUG_EFFICACY
缩短凝血时间,DRUG_EFFICACY
耐缺氧,DRUG_EFFICACY
耳鸣,DRUG_EFFICACY
育发,DRUG_EFFICACY
肾益精,DRUG_EFFICACY
胃寒腹痛,DRUG_EFFICACY
能促进凝血,DRUG_EFFICACY
能扩张冠状动脉,DRUG_EFFICACY
能降低动脉压,DRUG_EFFICACY
脂溢性脱发,DRUG_EFFICACY
脱发,DRUG_EFFICACY
自汗,DRUG_EFFICACY
舒筋止痛,DRUG_EFFICACY
舒筋活络,DRUG_EFFICACY
舒筋通络,DRUG_EFFICACY
舒肝,DRUG_EFFICACY
舒肝健脾,DRUG_EFFICACY
舒肝活血,DRUG_EFFICACY
舒肝清热,DRUG_EFFICACY
舒肝理气,DRUG_EFFICACY
舒肝解郁,DRUG_EFFICACY
舒肝调经,DRUG_EFFICACY
营养神经,DRUG_EFFICACY
营养胎儿,DRUG_EFFICACY
血液循环,DRUG_EFFICACY
血瘀,DRUG_EFFICACY
血虚气滞,DRUG_EFFICACY
行气,DRUG_EFFICACY
行气化瘀,DRUG_EFFICACY
行气散寒,DRUG_EFFICACY
行气止痛,DRUG_EFFICACY
行气活血,DRUG_EFFICACY
行气破瘀,DRUG_EFFICACY
行气软坚,DRUG_EFFICACY
行瘀散结,DRUG_EFFICACY
行瘀调经,DRUG_EFFICACY
行经腹痛,DRUG_EFFICACY
行血散淤,DRUG_EFFICACY
补养气血,DRUG_EFFICACY
补心气,DRUG_EFFICACY
补气,DRUG_EFFICACY
补气健脾,DRUG_EFFICACY
补气养血,DRUG_EFFICACY
补气助阳,DRUG_EFFICACY
补气升阳,DRUG_EFFICACY
补气和营,DRUG_EFFICACY
补气活血,DRUG_EFFICACY
补气滋阴,DRUG_EFFICACY
补气生血,DRUG_EFFICACY
补气血,DRUG_EFFICACY
补气补血,DRUG_EFFICACY
补益元气,DRUG_EFFICACY
补益气血,DRUG_EFFICACY
补益精血,DRUG_EFFICACY
补益肝肾,DRUG_EFFICACY
补益肺肾,DRUG_EFFICACY
补精血,DRUG_EFFICACY
补肝滋肾,DRUG_EFFICACY
补肝益肾,DRUG_EFFICACY
补肝肾,DRUG_EFFICACY
补肝补肾,DRUG_EFFICACY
补肺宁心,DRUG_EFFICACY
补肾,DRUG_EFFICACY
补肾健脾,DRUG_EFFICACY
补肾健骨,DRUG_EFFICACY
补肾助阳,DRUG_EFFICACY
补肾固本,DRUG_EFFICACY
补肾填精,DRUG_EFFICACY
补肾填精益精子,DRUG_EFFICACY
补肾壮腰,DRUG_EFFICACY
补肾壮阳,DRUG_EFFICACY
补肾安胎,DRUG_EFFICACY
补肾强心,DRUG_EFFICACY
补肾强身,DRUG_EFFICACY
补肾暖宫,DRUG_EFFICACY
补肾益气,DRUG_EFFICACY
补肾益精,DRUG_EFFICACY
补肾益肝,DRUG_EFFICACY
补肾益肺,DRUG_EFFICACY
补肾缩尿,DRUG_EFFICACY
补肾调经,DRUG_EFFICACY
补肾通淋,DRUG_EFFICACY
补脑液,DRUG_EFFICACY
补脾生血,DRUG_EFFICACY
补脾益气,DRUG_EFFICACY
补血,DRUG_EFFICACY
补血健脾,DRUG_EFFICACY
补血养阴,DRUG_EFFICACY
补血助气,DRUG_EFFICACY
补血活血,DRUG_EFFICACY
补血滋阴,DRUG_EFFICACY
补血生精,DRUG_EFFICACY
补血益气,DRUG_EFFICACY
补血行血,DRUG_EFFICACY
补血调经,DRUG_EFFICACY
补血调血,DRUG_EFFICACY
补髓养血,DRUG_EFFICACY
解毒,DRUG_EFFICACY
解毒利湿,DRUG_EFFICACY
解毒消肿,DRUG_EFFICACY
解毒疗疮,DRUG_EFFICACY
解毒益气,DRUG_EFFICACY
解毒祛湿,DRUG_EFFICACY
解毒通便,DRUG_EFFICACY
解热,DRUG_EFFICACY
解热镇痛,DRUG_EFFICACY
解痉,DRUG_EFFICACY
解痉镇痛,DRUG_EFFICACY
解郁清热,DRUG_EFFICACY
调和阴阳,DRUG_EFFICACY
调整内分泌,DRUG_EFFICACY
调整冲任,DRUG_EFFICACY
调整月经,DRUG_EFFICACY
调月经,DRUG_EFFICACY
调气温肾,DRUG_EFFICACY
调理冲任,DRUG_EFFICACY
调理月经,DRUG_EFFICACY
调精,DRUG_EFFICACY
调经,DRUG_EFFICACY
调经养血,DRUG_EFFICACY
调经养颜,DRUG_EFFICACY
调经安胎,DRUG_EFFICACY
调经散寒,DRUG_EFFICACY
调经止带,DRUG_EFFICACY
调经止痛,DRUG_EFFICACY
调经活血,DRUG_EFFICACY
调经理血,DRUG_EFFICACY
调经舒郁,DRUG_EFFICACY
调经补血,DRUG_EFFICACY
调经赞育,DRUG_EFFICACY
调肝益肾,DRUG_EFFICACY
调节代谢功能,DRUG_EFFICACY
调节免疫,DRUG_EFFICACY
调节内分泌,DRUG_EFFICACY
调节心律,DRUG_EFFICACY
调血安胎,DRUG_EFFICACY
调补冲任,DRUG_EFFICACY
调补气血,DRUG_EFFICACY
调补肝肾,DRUG_EFFICACY
跌打损伤,DRUG_EFFICACY
软化纤维组织,DRUG_EFFICACY
软坚散结,DRUG_EFFICACY
软坚消肿,DRUG_EFFICACY
退热,DRUG_EFFICACY
透疹,DRUG_EFFICACY
逐瘀生新,DRUG_EFFICACY
通便排毒,DRUG_EFFICACY
通淋,DRUG_EFFICACY
通淋利尿,DRUG_EFFICACY
通淋排石,DRUG_EFFICACY
通瘀,DRUG_EFFICACY
通经,DRUG_EFFICACY
通经催产,DRUG_EFFICACY
通经化瘀,DRUG_EFFICACY
通经散结,DRUG_EFFICACY
通经消痞,DRUG_EFFICACY
通络,DRUG_EFFICACY
通络开窍,DRUG_EFFICACY
通络止痛,DRUG_EFFICACY
通络活血,DRUG_EFFICACY
通络生乳,DRUG_EFFICACY
通腑降浊,DRUG_EFFICACY
通血,DRUG_EFFICACY
通调气血,DRUG_EFFICACY
通调血气,DRUG_EFFICACY
造血,DRUG_EFFICACY
醒脾,DRUG_EFFICACY
醒脾开郁,DRUG_EFFICACY
锁阳固精,DRUG_EFFICACY
镇咳,DRUG_EFFICACY
镇痛,DRUG_EFFICACY
镇痛作用,DRUG_EFFICACY
镇静,DRUG_EFFICACY
镇静作用,DRUG_EFFICACY
镇静安神,DRUG_EFFICACY
镇静解痉,DRUG_EFFICACY
闪腰岔气,DRUG_EFFICACY
防感染,DRUG_EFFICACY
防止伤口感染,DRUG_EFFICACY
防止炎症复发,DRUG_EFFICACY
防止骨质疏松,DRUG_EFFICACY
防脱发,DRUG_EFFICACY
防腐生肌,DRUG_EFFICACY
阳痿遗精,DRUG_EFFICACY
阳萎,DRUG_EFFICACY
降低甲状腺功能,DRUG_EFFICACY
降低肠管紧张性,DRUG_EFFICACY
降低血压,DRUG_EFFICACY
降低血浆纤维蛋白,DRUG_EFFICACY
降低血液粘度,DRUG_EFFICACY
降低血液黏度,DRUG_EFFICACY
降低血清胆固醇,DRUG_EFFICACY
降低血瘀,DRUG_EFFICACY
降低血黏度,DRUG_EFFICACY
降低补体溶血,DRUG_EFFICACY
降压,DRUG_EFFICACY
降血压,DRUG_EFFICACY
降血糖,DRUG_EFFICACY
降血脂,DRUG_EFFICACY
除油脂,DRUG_EFFICACY
除湿,DRUG_EFFICACY
除湿健脾,DRUG_EFFICACY
除湿止带,DRUG_EFFICACY
除烦安神,DRUG_EFFICACY
除风湿,DRUG_EFFICACY
顺气化瘀,DRUG_EFFICACY
顺气解郁,DRUG_EFFICACY
顺气通郁,DRUG_EFFICACY
预防,DRUG_EFFICACY
预防堕胎,DRUG_EFFICACY
预防滑胎,DRUG_EFFICACY
风寒骨痛,DRUG_EFFICACY
风湿痹痛,DRUG_EFFICACY
食欲减退,DRUG_EFFICACY
驱寒止痛,DRUG_EFFICACY
骨髓祖细胞的增殖,DRUG_EFFICACY
骨髓造血,DRUG_EFFICACY
佐使药,DRUG_GROUP
君药,DRUG_GROUP
大环内酯类抗生素,DRUG_GROUP
子宫疾病用药,DRUG_GROUP
巨药,DRUG_GROUP
感冒药,DRUG_GROUP
抗炎药,DRUG_GROUP
抗病毒药,DRUG_GROUP
抗癌药,DRUG_GROUP
非处方药,DRUG_GROUP
非处方药物,DRUG_GROUP
鞣酸类药物,DRUG_GROUP
三七皂甙,DRUG_INGREDIENT
两面针,DRUG_INGREDIENT
丹参,DRUG_INGREDIENT
丹皮,DRUG_INGREDIENT
乌药,DRUG_INGREDIENT
乌鸡,DRUG_INGREDIENT
五味子,DRUG_INGREDIENT
五灵脂,DRUG_INGREDIENT
京大戟,DRUG_INGREDIENT
人参,DRUG_INGREDIENT
仙鹤草,DRUG_INGREDIENT
儿茶,DRUG_INGREDIENT
元胡,DRUG_INGREDIENT
党参,DRUG_INGREDIENT
八角,DRUG_INGREDIENT
共奏,DRUG_INGREDIENT
共研细粉,DRUG_INGREDIENT
冰片,DRUG_INGREDIENT
制何首乌,DRUG_INGREDIENT
制半夏,DRUG_INGREDIENT
制川芎,DRUG_INGREDIENT
制香,DRUG_INGREDIENT
制香附,DRUG_INGREDIENT
功劳木,DRUG_INGREDIENT
千斤拔,DRUG_INGREDIENT
反海藻,DRUG_INGREDIENT
反甘遂,DRUG_INGREDIENT
反藜芦,DRUG_INGREDIENT
含甘遂,DRUG_INGREDIENT
含藜芦,DRUG_INGREDIENT
吲哚美辛,DRUG_INGREDIENT
吴茱萸,DRUG_INGREDIENT
和血通络,DRUG_INGREDIENT
四物汤,DRUG_INGREDIENT
土茯苓,DRUG_INGREDIENT
地肤子,DRUG_INGREDIENT
地黄,DRUG_INGREDIENT
地龙,DRUG_INGREDIENT
复盆子,DRUG_INGREDIENT
大戟,DRUG_INGREDIENT
大枣,DRUG_INGREDIENT
天冬,DRUG_INGREDIENT
女贞子,DRUG_INGREDIENT
妇炎康片,DRUG_INGREDIENT
小茴香,DRUG_INGREDIENT
小麦胚芽粉,DRUG_INGREDIENT
山茱萸,DRUG_INGREDIENT
山药,DRUG_INGREDIENT
川木通,DRUG_INGREDIENT
川牛膝,DRUG_INGREDIENT
川芎,DRUG_INGREDIENT
巴戟天,DRUG_INGREDIENT
干姜,DRUG_INGREDIENT
广东王不留行,DRUG_INGREDIENT
延胡,DRUG_INGREDIENT
延胡索,DRUG_INGREDIENT
当归,DRUG_INGREDIENT
忍冬藤,DRUG_INGREDIENT
怀牛膝,DRUG_INGREDIENT
木瓜,DRUG_INGREDIENT
木香,DRUG_INGREDIENT
朱砂,DRUG_INGREDIENT
杠板归,DRUG_INGREDIENT
枯矶粉,DRUG_INGREDIENT
枯矾,DRUG_INGREDIENT
枳壳,DRUG_INGREDIENT
枸杞子,DRUG_INGREDIENT
柴胡,DRUG_INGREDIENT
栀子,DRUG_INGREDIENT
桂枝,DRUG_INGREDIENT
桃仁,DRUG_INGREDIENT
桑寄生,DRUG_INGREDIENT
桑白皮,DRUG_INGREDIENT
桑螵蛸,DRUG_INGREDIENT
槐花,DRUG_INGREDIENT
毛冬青,DRUG_INGREDIENT
氢氧化钠,DRUG_INGREDIENT
氧化苦参碱,DRUG_INGREDIENT
沉香,DRUG_INGREDIENT
沙参,DRUG_INGREDIENT
沙苑子,DRUG_INGREDIENT
没药,DRUG_INGREDIENT
泽泻,DRUG_INGREDIENT
洋金花,DRUG_INGREDIENT
浙贝母,DRUG_INGREDIENT
海藻,DRUG_INGREDIENT
淀粉,DRUG_INGREDIENT
淫羊藿,DRUG_INGREDIENT
淫阳藿,DRUG_INGREDIENT
灵芝,DRUG_INGREDIENT
炙甘草,DRUG_INGREDIENT
炮姜,DRUG_INGREDIENT
炼蜜,DRUG_INGREDIENT
熟地黄,DRUG_INGREDIENT
牛膝,DRUG_INGREDIENT
牡丹皮,DRUG_INGREDIENT
牡蛎,DRUG_INGREDIENT
狗肾,DRUG_INGREDIENT
狗脊,DRUG_INGREDIENT
珍珠,DRUG_INGREDIENT
琥珀,DRUG_INGREDIENT
甘草,DRUG_INGREDIENT
甘遂,DRUG_INGREDIENT
生香附,DRUG_INGREDIENT
白术,DRUG_INGREDIENT
白芍,DRUG_INGREDIENT
白花蛇舌草,DRUG_INGREDIENT
白茅根,DRUG_INGREDIENT
百合科,DRUG_INGREDIENT
皂荚,DRUG_INGREDIENT
益母草,DRUG_INGREDIENT
益母草膏,DRUG_INGREDIENT
益母革,DRUG_INGREDIENT
益线草,DRUG_INGREDIENT
知母,DRUG_INGREDIENT
石决明,DRUG_INGREDIENT
砂仁,DRUG_INGREDIENT
硼酸粉,DRUG_INGREDIENT
穿山龙,DRUG_INGREDIENT
穿心莲,DRUG_INGREDIENT
糊精,DRUG_INGREDIENT
紫梢花,DRUG_INGREDIENT
紫河车,DRUG_INGREDIENT
紫草,DRUG_INGREDIENT
红花,DRUG_INGREDIENT
续断,DRUG_INGREDIENT
肉佳,DRUG_INGREDIENT
肉桂,DRUG_INGREDIENT
肉苁蓉,DRUG_INGREDIENT
艾叶,DRUG_INGREDIENT
艾叶炭,DRUG_INGREDIENT
芡实,DRUG_INGREDIENT
芫花,DRUG_INGREDIENT
花椒,DRUG_INGREDIENT
苍术,DRUG_INGREDIENT
苦参,DRUG_INGREDIENT
苦参碱,DRUG_INGREDIENT
苦木,DRUG_INGREDIENT
苯甲酸,DRUG_INGREDIENT
茎皮,DRUG_INGREDIENT
茯苓,DRUG_INGREDIENT
茴香,DRUG_INGREDIENT
茸血,DRUG_INGREDIENT
荜澄茄,DRUG_INGREDIENT
莪术油,DRUG_INGREDIENT
莲子,DRUG_INGREDIENT
莲须,DRUG_INGREDIENT
菊花,DRUG_INGREDIENT
菝葜,DRUG_INGREDIENT
菟丝子,DRUG_INGREDIENT
菟丝饼,DRUG_INGREDIENT
葡萄糖,DRUG_INGREDIENT
蒲公英,DRUG_INGREDIENT
蒲黄,DRUG_INGREDIENT
蒺藜,DRUG_INGREDIENT
蔗糖,DRUG_INGREDIENT
薏苡仁,DRUG_INGREDIENT
薏苡素,DRUG_INGREDIENT
藜芦,DRUG_INGREDIENT
藿香,DRUG_INGREDIENT
蛇床子,DRUG_INGREDIENT
蛇床子酌予碎断,DRUG_INGREDIENT
蛤蚧,DRUG_INGREDIENT
蜂王浆,DRUG_INGREDIENT
蜂蜜,DRUG_INGREDIENT
蜈蚣,DRUG_INGREDIENT
蝉蜕,DRUG_INGREDIENT
补骨脂,DRUG_INGREDIENT
褚实子,DRUG_INGREDIENT
覆盆子,DRUG_INGREDIENT
诸药,DRUG_INGREDIENT
豆蔻,DRUG_INGREDIENT
赤勺,DRUG_INGREDIENT
赤芍,DRUG_INGREDIENT
赤豆,DRUG_INGREDIENT
路路通,DRUG_INGREDIENT
车前草,DRUG_INGREDIENT
远志肉,DRUG_INGREDIENT
连翘,DRUG_INGREDIENT
酒白芍,DRUG_INGREDIENT
酸,DRUG_INGREDIENT
酸枣仁,DRUG_INGREDIENT
金雀花碱,DRUG_INGREDIENT
银柴胡,DRUG_INGREDIENT
锁阳,DRUG_INGREDIENT
防风,DRUG_INGREDIENT
阿胶,DRUG_INGREDIENT
附子,DRUG_INGREDIENT
陈皮,DRUG_INGREDIENT
陈皮健运脾胃,DRUG_INGREDIENT
青皮,DRUG_INGREDIENT
青蒿,DRUG_INGREDIENT
韭菜子,DRUG_INGREDIENT
香附,DRUG_INGREDIENT
马兜铃酸,DRUG_INGREDIENT
鲜鹿肉,DRUG_INGREDIENT
鳖甲,DRUG_INGREDIENT
鸡血藤,DRUG_INGREDIENT
鹿尾,DRUG_INGREDIENT
鹿茸,DRUG_INGREDIENT
鹿角胶,DRUG_INGREDIENT
鹿角霜,DRUG_INGREDIENT
鹿鞭,DRUG_INGREDIENT
黄柏,DRUG_INGREDIENT
黄柏提取物,DRUG_INGREDIENT
黄柏碱,DRUG_INGREDIENT
黄精,DRUG_INGREDIENT
黄芩,DRUG_INGREDIENT
黄芪,DRUG_INGREDIENT
黄芪生,DRUG_INGREDIENT
黄藤素,DRUG_INGREDIENT
黄连,DRUG_INGREDIENT
黄酮,DRUG_INGREDIENT
龙芽,DRUG_INGREDIENT
龟甲,DRUG_INGREDIENT
为甘苦,DRUG_TASTE
具冰片香气,DRUG_TASTE
后苦,DRUG_TASTE
味先甜,DRUG_TASTE
味先甜而后苦,DRUG_TASTE
味咸,DRUG_TASTE
味干,DRUG_TASTE
味微咸,DRUG_TASTE
味微涩,DRUG_TASTE
味微甘,DRUG_TASTE
味微甜,DRUG_TASTE
味微甜后苦,DRUG_TASTE
味微甜而后苦,DRUG_TASTE
味微腥,DRUG_TASTE
味微苦,DRUG_TASTE
味微苦涩,DRUG_TASTE
味微辛,DRUG_TASTE
味微酸,DRUG_TASTE
味涩,DRUG_TASTE
味淡,DRUG_TASTE
味甘,DRUG_TASTE
味甘甜,DRUG_TASTE
味甘而后苦,DRUG_TASTE
味甘苦,DRUG_TASTE
味甜,DRUG_TASTE
味甜特异,DRUG_TASTE
味甜而后涩,DRUG_TASTE
味甜酸,DRUG_TASTE
味略苦,DRUG_TASTE
味腥,DRUG_TASTE
味苦,DRUG_TASTE
味苦涩,DRUG_TASTE
味苦辛,DRUG_TASTE
味辛,DRUG_TASTE
味酸,DRUG_TASTE
味酸苦,DRUG_TASTE
咸,DRUG_TASTE
微咸,DRUG_TASTE
微有香气,DRUG_TASTE
微有麻舌感,DRUG_TASTE
微涩,DRUG_TASTE
微甘,DRUG_TASTE
微甜,DRUG_TASTE
微腥,DRUG_TASTE
微苦,DRUG_TASTE
微苦涩,DRUG_TASTE
微辛,DRUG_TASTE
微酸,DRUG_TASTE
微香,DRUG_TASTE
微麻,DRUG_TASTE
微麻涩,DRUG_TASTE
昧甜,DRUG_TASTE
有辣感,DRUG_TASTE
有酒香气,DRUG_TASTE
气味腥,DRUG_TASTE
气味香,DRUG_TASTE
气异香,DRUG_TASTE
气微,DRUG_TASTE
气微腥,DRUG_TASTE
气微臭,DRUG_TASTE
气微香,DRUG_TASTE
气浓,DRUG_TASTE
气清香,DRUG_TASTE
气焦香,DRUG_TASTE
气特异,DRUG_TASTE
气糊香,DRUG_TASTE
气腥,DRUG_TASTE
气芳香,DRUG_TASTE
气辛香,DRUG_TASTE
气香,DRUG_TASTE
油腻,DRUG_TASTE
涩,DRUG_TASTE
涩平,DRUG_TASTE
液体,DRUG_TASTE
深黄色至黄褐色,DRUG_TASTE
焦糖气,DRUG_TASTE
甘,DRUG_TASTE
甘涩,DRUG_TASTE
甜,DRUG_TASTE
甜味,DRUG_TASTE
生冷,DRUG_TASTE
略涩,DRUG_TASTE
略苦,DRUG_TASTE
略酸,DRUG_TASTE
略麻,DRUG_TASTE
略麻辣,DRUG_TASTE
稍苦,DRUG_TASTE
肝腥味,DRUG_TASTE
脾虚,DRUG_TASTE
腥,DRUG_TASTE
苦,DRUG_TASTE
苦味,DRUG_TASTE
苦温,DRUG_TASTE
苦酸,DRUG_TASTE
褐色,DRUG_TASTE
辛,DRUG_TASTE
辛辣,DRUG_TASTE
辣,DRUG_TASTE
辣后甜,DRUG_TASTE
酸,DRUG_TASTE
酸微涩,DRUG_TASTE
酸而涩,DRUG_TASTE
香,DRUG_TASTE
香气,DRUG_TASTE
香气味,DRUG_TASTE
麻,DRUG_TASTE
五灵脂,FOOD
人参,FOOD
吃萝卜,FOOD
含藜芦,FOOD
咖啡,FOOD
地黄,FOOD
川芎,FOOD
油腻,FOOD
浓茶,FOOD
清酒,FOOD
生冷,FOOD
白芍,FOOD
皂荚,FOOD
绿豆,FOOD
肥肉,FOOD
茶,FOOD
萝卜,FOOD
薏苡仁,FOOD
藜芦,FOOD
辛辣,FOOD
食盐,FOOD
黄柏,FOOD
黄芩,FOOD
黄连,FOOD
黄酒,FOOD
不易消化,FOOD_GROUP
不易消化食品,FOOD_GROUP
不易消化食物,FOOD_GROUP
内脏,FOOD_GROUP
冷,FOOD_GROUP
刺激,FOOD_GROUP
刺激性,FOOD_GROUP
刺激性食物,FOOD_GROUP
味甜,FOOD_GROUP
咸味,FOOD_GROUP
哺乳期,FOOD_GROUP
坚果,FOOD_GROUP
富有营养,FOOD_GROUP
寒凉,FOOD_GROUP
少进油腻,FOOD_GROUP
微苦,FOOD_GROUP
微量元素,FOOD_GROUP
心脏病,FOOD_GROUP
忌辛辣,FOOD_GROUP
忌食寒凉,FOOD_GROUP
忌食生冷,FOOD_GROUP
忌食蚕豆,FOOD_GROUP
忌食辛辣,FOOD_GROUP
慢性病,FOOD_GROUP
油腻,FOOD_GROUP
油腻难消化,FOOD_GROUP
油腻食物,FOOD_GROUP
浓茶,FOOD_GROUP
海鲜,FOOD_GROUP
清淡,FOOD_GROUP
生冷,FOOD_GROUP
生冷食物,FOOD_GROUP
生冷饮食,FOOD_GROUP
盆腔炎,FOOD_GROUP
糖尿病,FOOD_GROUP
维生素,FOOD_GROUP
肝病,FOOD_GROUP
肥腻,FOOD_GROUP
肾病,FOOD_GROUP
荤腥,FOOD_GROUP
荤腥油腻,FOOD_GROUP
萝卜,FOOD_GROUP
蛋白,FOOD_GROUP
豆类,FOOD_GROUP
辛辣,FOOD_GROUP
辛辣刺激,FOOD_GROUP
辛辣食物,FOOD_GROUP
酸,FOOD_GROUP
酸冷食物,FOOD_GROUP
酸味,FOOD_GROUP
酸味食物,FOOD_GROUP
阴道炎,FOOD_GROUP
难消化,FOOD_GROUP
食酸,FOOD_GROUP
高热量,FOOD_GROUP
高蛋白,FOOD_GROUP
鱼类,FOOD_GROUP
鱼腥,FOOD_GROUP
严重肾功能损害者,PERSON_GROUP
五心烦热者,PERSON_GROUP
产妇,PERSON_GROUP
伴有赤带者,PERSON_GROUP
体虚胃寒者,PERSON_GROUP
便溏者,PERSON_GROUP
儿童,PERSON_GROUP
发热病人,PERSON_GROUP
咳嗽痰多者,PERSON_GROUP
哺乳期,PERSON_GROUP
哺乳期妇女,PERSON_GROUP
大便塘者,PERSON_GROUP
大便溏者,PERSON_GROUP
大便稀溏者,PERSON_GROUP
女性患者,PERSON_GROUP
妇,PERSON_GROUP
妇人,PERSON_GROUP
妇女,PERSON_GROUP
妇女经期,PERSON_GROUP
妊娠期,PERSON_GROUP
妊娠者,PERSON_GROUP
婴儿,PERSON_GROUP
婴幼儿,PERSON_GROUP
孕妇,PERSON_GROUP
孕期,PERSON_GROUP
孕期妇女,PERSON_GROUP
孩童,PERSON_GROUP
小儿,PERSON_GROUP
少女,PERSON_GROUP
尿闭不通者,PERSON_GROUP
岁以上老人,PERSON_GROUP
已婚妇,PERSON_GROUP
已婚妇女,PERSON_GROUP
带下清稀者,PERSON_GROUP
带下量多气臭者,PERSON_GROUP
年老,PERSON_GROUP
年老体弱,PERSON_GROUP
年老体弱者,PERSON_GROUP
年老患者,PERSON_GROUP
年老者,PERSON_GROUP
幼儿,PERSON_GROUP
患有其他疾病者,PERSON_GROUP
感冒,PERSON_GROUP
感冒发热病人,PERSON_GROUP
感冒发热者,PERSON_GROUP
感冒时,PERSON_GROUP
感冒病人,PERSON_GROUP
慢性病,PERSON_GROUP
慢性病患者,PERSON_GROUP
慢性肝炎氨基转移酶增高者,PERSON_GROUP
成人,PERSON_GROUP
新生儿,PERSON_GROUP
无妊娠,PERSON_GROUP
暴发火眼者,PERSON_GROUP
更年去妇女,PERSON_GROUP
更年期,PERSON_GROUP
更年期妇女,PERSON_GROUP
月经期,PERSON_GROUP
月经紊乱者,PERSON_GROUP
月经过多或腹痛较重者,PERSON_GROUP
月经过多者,PERSON_GROUP
月经量多者,PERSON_GROUP
有痰者,PERSON_GROUP
未婚,PERSON_GROUP
未婚妇女,PERSON_GROUP
未成年人,PERSON_GROUP
本品过敏者,PERSON_GROUP
油腻,PERSON_GROUP
火郁证者,PERSON_GROUP
热症患者,PERSON_GROUP
男子,PERSON_GROUP
畏寒肢凉者,PERSON_GROUP
痛经较重者,PERSON_GROUP
痰湿壅盛患者,PERSON_GROUP
白带异常者,PERSON_GROUP
皮肤过敏者,PERSON_GROUP
盆腔炎症,PERSON_GROUP
糖尿病,PERSON_GROUP
糖尿病人,PERSON_GROUP
糖尿病患者,PERSON_GROUP
糖尿病者,PERSON_GROUP
经期,PERSON_GROUP
绝经后患者,PERSON_GROUP
绝经后老人,PERSON_GROUP
老人,PERSON_GROUP
老年,PERSON_GROUP
老年患者,PERSON_GROUP
老年痴呆症患者,PERSON_GROUP
肾功能不全患者,PERSON_GROUP
肾病,PERSON_GROUP
肾阴虚者,PERSON_GROUP
胃牌虚弱者,PERSON_GROUP
胃肠道疾病患者,PERSON_GROUP
脾胃明显虚弱者,PERSON_GROUP
脾胃虚寒者,PERSON_GROUP
脾虚大便溏者,PERSON_GROUP
腹泻患者,PERSON_GROUP
腹痛较重者,PERSON_GROUP
膀胱气化不行者,PERSON_GROUP
舌无津液,PERSON_GROUP
花粉过敏者,PERSON_GROUP
虚火旺者,PERSON_GROUP
血钾高,PERSON_GROUP
赤带者,PERSON_GROUP
超剂量服药者,PERSON_GROUP
过敏体质,PERSON_GROUP
过敏体质患者,PERSON_GROUP
过敏体质者,PERSON_GROUP
过敏者,PERSON_GROUP
运动员,PERSON_GROUP
酒精过敏者,PERSON_GROUP
重度痛经者,PERSON_GROUP
长期服药,PERSON_GROUP
防止炎症复发,PERSON_GROUP
阴虚火旺者,PERSON_GROUP
阴道炎患者,PERSON_GROUP
青少年,PERSON_GROUP
青春期少女,PERSON_GROUP
青春期少年,PERSON_GROUP
风寒感冒咽痛者,PERSON_GROUP
马兜铃酸,PERSON_GROUP
高血压患者,PERSON_GROUP
高血压者,PERSON_GROUP
鼻流清涕者,PERSON_GROUP
上环后子宫出血,SYMPTOM
上肢放射性疼痛,SYMPTOM
上肢麻木,SYMPTOM
上腹不适,SYMPTOM
上腹疼痛,SYMPTOM
上腹部不适,SYMPTOM
上腹部饱胀,SYMPTOM
上腹部饱胀不适,SYMPTOM
上节育环后,SYMPTOM
下伴阴痒,SYMPTOM
下尿路感染,SYMPTOM
下肢浮肿,SYMPTOM
下肢肿痛,SYMPTOM
下腹冷痛,SYMPTOM
下腹坠涨,SYMPTOM
下腹坠痛,SYMPTOM
下腹坠胀,SYMPTOM
下腹或腰骶部坠胀或疼痛,SYMPTOM
下腹疼痛,SYMPTOM
下腹结块,SYMPTOM
下腹胀痛,SYMPTOM
下腹隐痛,SYMPTOM
不受孕,SYMPTOM
不孕,SYMPTOM
不孕症,SYMPTOM
不寐健忘,SYMPTOM
不思饮食,SYMPTOM
不眠,SYMPTOM
不育,SYMPTOM
不育不孕,SYMPTOM
丘疹,SYMPTOM
两目昏暗,SYMPTOM
两胁作痛,SYMPTOM
两胁疼痛,SYMPTOM
两胁胀痛,SYMPTOM
中度癃闭,SYMPTOM
中性粒细胞异常,SYMPTOM
中途疲软,SYMPTOM
中风,SYMPTOM
举而不坚,SYMPTOM
久不受孕,SYMPTOM
久不孕育,SYMPTOM
久咳,SYMPTOM
久咳虚喘,SYMPTOM
久治不愈,SYMPTOM
久泻,SYMPTOM
久病体弱,SYMPTOM
久病体虚,SYMPTOM
久病虚弱,SYMPTOM
乏力,SYMPTOM
习惯性流产,SYMPTOM
乳中结核,SYMPTOM
乳房内肿块,SYMPTOM
乳房柔软,SYMPTOM
乳房疼痛,SYMPTOM
乳房红肿热痛,SYMPTOM
乳房结块,SYMPTOM
乳房结节,SYMPTOM
乳房肿块,SYMPTOM
乳房胀痛,SYMPTOM
乳房萎缩,SYMPTOM
乳汁少,SYMPTOM
乳汁未见增多,SYMPTOM
乳汁清稀,SYMPTOM
乳汁稀薄,SYMPTOM
乳痈,SYMPTOM
乳痈初起,SYMPTOM
乳痈肿痛,SYMPTOM
乳痛症,SYMPTOM
乳癖,SYMPTOM
乳癖结块,SYMPTOM
乳胁胀痛,SYMPTOM
乳腺囊性增生,SYMPTOM
乳腺增生,SYMPTOM
乳腺小叶增生,SYMPTOM
乳腺炎,SYMPTOM
乳腺纤维瘤,SYMPTOM
乳腺纤维腺瘤,SYMPTOM
乳腺结块,SYMPTOM
乳腺肿胀,SYMPTOM
乳腺肿胀疼痛,SYMPTOM
乳腺胀痛,SYMPTOM
五心烦热,SYMPTOM
五更泄泻,SYMPTOM
五更溏泻,SYMPTOM
产后,SYMPTOM
产后乳少,SYMPTOM
产后乳房结块,SYMPTOM
产后乳汁不下,SYMPTOM
产后体弱,SYMPTOM
产后体虚,SYMPTOM
产后出血,SYMPTOM
产后出血量多,SYMPTOM
产后发烧,SYMPTOM
产后子宫出血,SYMPTOM
产后子宫复位不全,SYMPTOM
产后子宫复旧,SYMPTOM
产后恶露,SYMPTOM
产后恶露不尽,SYMPTOM
产后恶露不绝,SYMPTOM
产后恶露不行,SYMPTOM
产后气血不足,SYMPTOM
产后瘀血,SYMPTOM
产后瘀血不清,SYMPTOM
产后腹痛,SYMPTOM
产后虚弱,SYMPTOM
产后血晕,SYMPTOM
产后血虚,SYMPTOM
产后败血不净,SYMPTOM
会阴,SYMPTOM
会阴不适,SYMPTOM
会阴少腹腰骶部疼痛,SYMPTOM
会阴痛,SYMPTOM
伤风,SYMPTOM
伴有尿频,SYMPTOM
伴有神疲乏力,SYMPTOM
伴有赤带,SYMPTOM
伴见颜面黄褐斑,SYMPTOM
低热,SYMPTOM
低血糖,SYMPTOM
体倦乏力,SYMPTOM
体弱,SYMPTOM
体弱乏力,SYMPTOM
体弱无力,SYMPTOM
体虚,SYMPTOM
体虚乏力,SYMPTOM
体虚无力,SYMPTOM
体虚神怯,SYMPTOM
体虚羸弱,SYMPTOM
体虚胃寒,SYMPTOM
体虚自汗,SYMPTOM
体质虚弱,SYMPTOM
余沥不尽,SYMPTOM
作喘,SYMPTOM
便干,SYMPTOM
便干尿黄,SYMPTOM
便意感,SYMPTOM
便溏,SYMPTOM
便秘,SYMPTOM
便血,SYMPTOM
促进胎儿发育,SYMPTOM
倦怠,SYMPTOM
倦怠乏力,SYMPTOM
倦怠体瘦,SYMPTOM
倦怠嗜卧,SYMPTOM
倦怠无力,SYMPTOM
倦怠食少,SYMPTOM
健忘,SYMPTOM
健忘失眠,SYMPTOM
健忘虚喘,SYMPTOM
健忘遗泄,SYMPTOM
健忠失眠,SYMPTOM
健脾养血,SYMPTOM
健脾燥湿,SYMPTOM
充血,SYMPTOM
先兆流产,SYMPTOM
全伸浮肿,SYMPTOM
全秃,SYMPTOM
全血细胞减少,SYMPTOM
全身乏力,SYMPTOM
关节不利,SYMPTOM
关节疼痛,SYMPTOM
关节痠痛,SYMPTOM
其气臭秽,SYMPTOM
养血活血,SYMPTOM
内出血,SYMPTOM
内分泌失调,SYMPTOM
内挫伤胎,SYMPTOM
内有湿者,SYMPTOM
内热瞀闷,SYMPTOM
内痔出血,SYMPTOM
再生障碍性贫血,SYMPTOM
再障贫血,SYMPTOM
冷痛,SYMPTOM
冻疮,SYMPTOM
凝滞,SYMPTOM
出血,SYMPTOM
出血过多,SYMPTOM
刀口疼痛,SYMPTOM
刺痛,SYMPTOM
前列增生,SYMPTOM
前列腺增生症,SYMPTOM
前列腺肥大,SYMPTOM
前列腺长期慢性充血,SYMPTOM
功能性勃起,SYMPTOM
功能性子宫出血,SYMPTOM
功能性阳痿,SYMPTOM
动则气喘,SYMPTOM
劳嗽咯血,SYMPTOM
勃起困难,SYMPTOM
化瘀,SYMPTOM
化瘀通淋,SYMPTOM
升高白细胞,SYMPTOM
半身不遂,SYMPTOM
单纯性紫癜,SYMPTOM
卵巢,SYMPTOM
卵巢功能衰退,SYMPTOM
卵巢囊肿,SYMPTOM
厌食,SYMPTOM
双乳胀痛,SYMPTOM
双目赤痛,SYMPTOM
双目赤肿,SYMPTOM
发烧,SYMPTOM
发热,SYMPTOM
发痒,SYMPTOM
发红,SYMPTOM
发麻,SYMPTOM
受孕,SYMPTOM
口干,SYMPTOM
口干便燥,SYMPTOM
口干咽燥,SYMPTOM
口干舌燥,SYMPTOM
口干苦,SYMPTOM
口渴,SYMPTOM
口渴感,SYMPTOM
口燥咽干,SYMPTOM
口苦,SYMPTOM
口苦口干,SYMPTOM
口苦咽干,SYMPTOM
口苦胸闷,SYMPTOM
口鼻生疮,SYMPTOM
后错,SYMPTOM
吐血,SYMPTOM
吐血尿血,SYMPTOM
听力减退,SYMPTOM
呃逆,SYMPTOM
呕吐,SYMPTOM
呕吐泄泻,SYMPTOM
周期错后,SYMPTOM
周身无力,SYMPTOM
味臭,SYMPTOM
呼吸道,SYMPTOM
呼吸道及泌尿道感染,SYMPTOM
咯血,SYMPTOM
咳喘,SYMPTOM
咳嗽,SYMPTOM
咳嗽声重,SYMPTOM
咳嗽痰多,SYMPTOM
咳血,SYMPTOM
咽喉干燥,SYMPTOM
咽喉肿痛,SYMPTOM
咽干,SYMPTOM
咽干口渴,SYMPTOM
咽干口燥,SYMPTOM
咽干喉痛,SYMPTOM
咽干鼻燥,SYMPTOM
咽痛,SYMPTOM
哮喘,SYMPTOM
唇甲色淡,SYMPTOM
喘咳,SYMPTOM
喜暖,SYMPTOM
嗜睡,SYMPTOM
嘈杂,SYMPTOM
四肢不温,SYMPTOM
四肢乏力,SYMPTOM
四肢倦怠,SYMPTOM
四肢困倦,SYMPTOM
四肢无力,SYMPTOM
四肢浮肿,SYMPTOM
四肢酸楚,SYMPTOM
四肢酸软,SYMPTOM
四肢麻木,SYMPTOM
固定痛,SYMPTOM
填精益髓,SYMPTOM
增强机体免疫力,SYMPTOM
外伤骨折,SYMPTOM
外感,SYMPTOM
外感热病,SYMPTOM
外科感染,SYMPTOM
外阴搔痒,SYMPTOM
外阴湿疹,SYMPTOM
外阴溃疡,SYMPTOM
外阴瘙痒,SYMPTOM
外阴白色病变,SYMPTOM
外阴阴道灼热,SYMPTOM
外阴骚痒,SYMPTOM
多发性脓肿,SYMPTOM
多梦,SYMPTOM
多汗,SYMPTOM
多疑善感,SYMPTOM
夜卧遗尿,SYMPTOM
夜寐不安,SYMPTOM
夜寐易惊,SYMPTOM
夜尿多频,SYMPTOM
夜尿繁多,SYMPTOM
夜尿频多,SYMPTOM
夜尿频数,SYMPTOM
夜尿频繁,SYMPTOM
夜梦精溢,SYMPTOM
夜间尤甚,SYMPTOM
夜间遗尿,SYMPTOM
大便不实,SYMPTOM
大便不爽,SYMPTOM
大便不调,SYMPTOM
大便干结,SYMPTOM
大便次数增多,SYMPTOM
大便溏,SYMPTOM
大便溏泻,SYMPTOM
大便溏薄,SYMPTOM
大便燥结,SYMPTOM
大便秘结,SYMPTOM
大便稀,SYMPTOM
大便难,SYMPTOM
大鼠足趾肿胀,SYMPTOM
失液性休克,SYMPTOM
失眠,SYMPTOM
失眠健忘,SYMPTOM
失眠多梦,SYMPTOM
失禁,SYMPTOM
失血性,SYMPTOM
失血过多,SYMPTOM
头发早白,SYMPTOM
头发稀疏,SYMPTOM
头发脱落,SYMPTOM
头昏,SYMPTOM
头昏乏力,SYMPTOM
头昏健忘,SYMPTOM
头昏目眩,SYMPTOM
头昏眼,SYMPTOM
头昏眼花,SYMPTOM
头昏耳鸣,SYMPTOM
头晕,SYMPTOM
头晕乏力,SYMPTOM
头晕健忘,SYMPTOM
头晕咳嗽,SYMPTOM
头晕头痛,SYMPTOM
头晕心悸,SYMPTOM
头晕心慌,SYMPTOM
头晕烦燥,SYMPTOM
头晕烦躁,SYMPTOM
头晕目涩,SYMPTOM
头晕目眩,SYMPTOM
头晕目花,SYMPTOM
头晕眼花,SYMPTOM
头晕耳鸣,SYMPTOM
头痛,SYMPTOM
头痛目眩,SYMPTOM
头痛身酸,SYMPTOM
头皮瘙痒,SYMPTOM
头目眩晕,SYMPTOM
夹有血块,SYMPTOM
女子宫寒,SYMPTOM
女子宫寒不孕,SYMPTOM
女子月经不调,SYMPTOM
妇人宿有血块,SYMPTOM
妇女带下,SYMPTOM
妇女月经过多,SYMPTOM
妇女痛经,SYMPTOM
妇科出血,SYMPTOM
妇科炎,SYMPTOM
妇科炎症,SYMPTOM
妇科肿块,SYMPTOM
妊娠后漏下,SYMPTOM
妊娠后漏下不止,SYMPTOM
妊娠斑,SYMPTOM
妊娠胎漏,SYMPTOM
子宫内膜异位症,SYMPTOM
子宫内膜炎,SYMPTOM
子宫出血,SYMPTOM
子宫增生,SYMPTOM
子宫寒冷,SYMPTOM
子宫平滑肌收缩,SYMPTOM
子宫张力增强,SYMPTOM
子宫收缩,SYMPTOM
子宫疾病,SYMPTOM
子宫痉挛,SYMPTOM
子宫糜烂,SYMPTOM
子宫肌瘤,SYMPTOM
子宫肌瘤出血,SYMPTOM
子宮增生,SYMPTOM
子宮收縮,SYMPTOM
宁心,SYMPTOM
实热内盛,SYMPTOM
宫冷,SYMPTOM
宫寒不孕,SYMPTOM
宫寒带下,SYMPTOM
宫颈炎,SYMPTOM
宫颈糜烂,SYMPTOM
宿有瘕块,SYMPTOM
宿有癥块,SYMPTOM
宿有血块,SYMPTOM
寐差耳鸣,SYMPTOM
寒湿带下,SYMPTOM
小便不利,SYMPTOM
小便不爽,SYMPTOM
小便余沥,SYMPTOM
小便少黄,SYMPTOM
小便浑浊,SYMPTOM
小便淋漓,SYMPTOM
小便淋漓不尽,SYMPTOM
小便清长,SYMPTOM
小便短少,SYMPTOM
小便短少黄赤,SYMPTOM
小便短赤,SYMPTOM
小便短黄,SYMPTOM
小便赤涩热痛,SYMPTOM
小便量少,SYMPTOM
小便频急,SYMPTOM
小便频数,SYMPTOM
小便黄赤,SYMPTOM
小儿疳积,SYMPTOM
小儿盗汗,SYMPTOM
小溲滴沥不爽,SYMPTOM
小腹下坠,SYMPTOM
小腹作痛,SYMPTOM
小腹冷痛,SYMPTOM
小腹冷痛喜热,SYMPTOM
小腹发凉,SYMPTOM
小腹坠痛,SYMPTOM
小腹坠胀,SYMPTOM
小腹或乳房胀痛,SYMPTOM
小腹拘急疼痛,SYMPTOM
小腹疼痛,SYMPTOM
小腹痛,SYMPTOM
小腹空痛,SYMPTOM
小腹胀满,SYMPTOM
小腹胀满疼痛,SYMPTOM
小腹胀疼,SYMPTOM
小腹胀痛,SYMPTOM
小腹胀痛拒按,SYMPTOM
小腹隐痛,SYMPTOM
小腹隐痛喜按,SYMPTOM
小血块,SYMPTOM
小鼠耳肿胀,SYMPTOM
少气懒言,SYMPTOM
少精,SYMPTOM
少腹,SYMPTOM
少腹冷痛,SYMPTOM
少腹急满,SYMPTOM
少腹疼痛,SYMPTOM
少腹痛,SYMPTOM
少腹胀痛,SYMPTOM
少腹阴器发凉,SYMPTOM
少量血性分泌物,SYMPTOM
尿,SYMPTOM
尿后余沥,SYMPTOM
尿后余沥不尽,SYMPTOM
尿后淋漓不尽,SYMPTOM
尿后滴白,SYMPTOM
尿增多,SYMPTOM
尿少,SYMPTOM
尿急,SYMPTOM
尿次频数,SYMPTOM
尿流变细,SYMPTOM
尿浊,SYMPTOM
尿涩痛,SYMPTOM
尿液混浊,SYMPTOM
尿液黄赤,SYMPTOM
尿淋沥,SYMPTOM
尿痛,SYMPTOM
尿痛者,SYMPTOM
尿短,SYMPTOM
尿线细,SYMPTOM
尿细,SYMPTOM
尿细如线,SYMPTOM
尿色偏黄,SYMPTOM
尿血,SYMPTOM
尿赤便秘,SYMPTOM
尿路感染,SYMPTOM
尿道,SYMPTOM
尿道不适,SYMPTOM
尿道刺痛,SYMPTOM
尿道口滴白,SYMPTOM
尿道涩痛,SYMPTOM
尿道灼热,SYMPTOM
尿道灼热涩痛,SYMPTOM
尿道结石,SYMPTOM
尿闭,SYMPTOM
尿频,SYMPTOM
尿频尿急,SYMPTOM
尿首这灼热涩痛,SYMPTOM
尿黄,SYMPTOM
尿黄便干,SYMPTOM
尿黄便结,SYMPTOM
局部刺激,SYMPTOM
局部溃疡,SYMPTOM
局部疼痛,SYMPTOM
局部皮疹,SYMPTOM
局部肿痛,SYMPTOM
崩中下血,SYMPTOM
崩漏,SYMPTOM
崩漏下血,SYMPTOM
崩漏带下,SYMPTOM
崩漏白带,SYMPTOM
崩漏色淡,SYMPTOM
带下,SYMPTOM
带下伴血性分泌物,SYMPTOM
带下伴阴痒,SYMPTOM
带下增多,SYMPTOM
带下异常,SYMPTOM
带下明显异常,SYMPTOM
带下淋漓,SYMPTOM
带下清稀,SYMPTOM
带下病,SYMPTOM
带下腥臭,SYMPTOM
带下色黄,SYMPTOM
带下质清,SYMPTOM
带下赤白,SYMPTOM
带下量多,SYMPTOM
带下黄稠,SYMPTOM
带多清稀,SYMPTOM
带异常,SYMPTOM
带经日久,SYMPTOM
干咳少痰,SYMPTOM
干枯,SYMPTOM
平滑肌收缩,SYMPTOM
年期综合症,SYMPTOM
年老体弱,SYMPTOM
异位妊娠,SYMPTOM
弦涩,SYMPTOM
弦滑,SYMPTOM
弦细,SYMPTOM
弱精,SYMPTOM
形体消瘦,SYMPTOM
形寒肢冷,SYMPTOM
徵瘕,SYMPTOM
心中烦热,SYMPTOM
心力衰竭,SYMPTOM
心动过速,SYMPTOM
心悸,SYMPTOM
心悸乏力,SYMPTOM
心悸健忘,SYMPTOM
心悸失眠,SYMPTOM
心悸怔忡,SYMPTOM
心悸气短,SYMPTOM
心慌,SYMPTOM
心慌失眠,SYMPTOM
心慌气短,SYMPTOM
心烦,SYMPTOM
心烦不宁,SYMPTOM
心烦不安,SYMPTOM
心烦不眠,SYMPTOM
心烦口渴,SYMPTOM
心烦少槑,SYMPTOM
心烦意乱,SYMPTOM
心烦易怒,SYMPTOM
心神不安,SYMPTOM
心胸痹痛,SYMPTOM
心跳气短,SYMPTOM
怕光,SYMPTOM
怕冷,SYMPTOM
急,SYMPTOM
急性大出血,SYMPTOM
急性肝损伤,SYMPTOM
急躁善怒,SYMPTOM
性出血,SYMPTOM
性功能减退,SYMPTOM
性情急躁,SYMPTOM
性机能衰退,SYMPTOM
性欲亢进,SYMPTOM
性欲低下,SYMPTOM
性欲减退,SYMPTOM
性欲淡漠,SYMPTOM
性欲衰退,SYMPTOM
恶寒发热,SYMPTOM
恶心,SYMPTOM
恶心呕吐,SYMPTOM
恶心欲吐,SYMPTOM
恶疮,SYMPTOM
恶露,SYMPTOM
恶露不净,SYMPTOM
恶露不尽,SYMPTOM
恶露不止,SYMPTOM
恶露不绝,SYMPTOM
恶露不行,SYMPTOM
恶露持续数日,SYMPTOM
恶露涩滞,SYMPTOM
恶露淋沥,SYMPTOM
恶露过多,SYMPTOM
惊悸健忘,SYMPTOM
感冒,SYMPTOM
感冒发热,SYMPTOM
感染性,SYMPTOM
愤怒,SYMPTOM
慢性盆腔炎,SYMPTOM
慢性肝损害,SYMPTOM
慢性肠炎,SYMPTOM
慢性肾炎,SYMPTOM
慢性肾炎水肿,SYMPTOM
慢性腰腿痛,SYMPTOM
慢性腹泻,SYMPTOM
慢性阑尾炎,SYMPTOM
慢性附件炎,SYMPTOM
憋气,SYMPTOM
手足寒冷,SYMPTOM
手足心热,SYMPTOM
手足麻木,SYMPTOM
抑制子宫平滑肌收缩,SYMPTOM
抑郁易怒,SYMPTOM
抗炎,SYMPTOM
排尿不利,SYMPTOM
排尿不畅,SYMPTOM
排尿困难,SYMPTOM
排尿滴沥不尽,SYMPTOM
排黑便,SYMPTOM
收敛肺气,SYMPTOM
收縮子宮,SYMPTOM
收缩幅度增大,SYMPTOM
数,SYMPTOM
斑秃,SYMPTOM
斑秃脱发,SYMPTOM
无汗,SYMPTOM
无苔,SYMPTOM
早泄,SYMPTOM
早泄梦遗,SYMPTOM
早泻,SYMPTOM
早白,SYMPTOM
时带黏液,SYMPTOM
易怒,SYMPTOM
晕厥,SYMPTOM
普秃,SYMPTOM
更年期潮热汗出,SYMPTOM
更年期综合,SYMPTOM
月事不准,SYMPTOM
月经不,SYMPTOM
月经不调,SYMPTOM
月经先后不定期,SYMPTOM
月经后期,SYMPTOM
月经后错,SYMPTOM
月经周期后错,SYMPTOM
月经周期错后,SYMPTOM
月经失调,SYMPTOM
月经提前,SYMPTOM
月经提前量多,SYMPTOM
月经期提前,SYMPTOM
月经正常,SYMPTOM
月经紊乱,SYMPTOM
月经血量过多,SYMPTOM
月经质稀,SYMPTOM
月经过多,SYMPTOM
月经过少,SYMPTOM
月经量多,SYMPTOM
月经量少,SYMPTOM
月经量过多,SYMPTOM
月经错后,SYMPTOM
有便意感,SYMPTOM
有味,SYMPTOM
有块拒按,SYMPTOM
有暗斑,SYMPTOM
有瘀斑,SYMPTOM
有瘕块,SYMPTOM
有癥块,SYMPTOM
有血块,SYMPTOM
杀菌,SYMPTOM
梦遗滑精,SYMPTOM
梦遗精,SYMPTOM
止咳定喘,SYMPTOM
止痒,SYMPTOM
止痛,SYMPTOM
步态不稳,SYMPTOM
死精,SYMPTOM
毒疮,SYMPTOM
毒瘀蕴结胞宫,SYMPTOM
气弱,SYMPTOM
气急,SYMPTOM
气滞,SYMPTOM
气滞腰痛,SYMPTOM
气滞食积,SYMPTOM
气短,SYMPTOM
气短乏力,SYMPTOM
气短作喘,SYMPTOM
气短多汗,SYMPTOM
气短烦倦,SYMPTOM
气短神疲,SYMPTOM
气臭,SYMPTOM
气虚,SYMPTOM
气虚体弱,SYMPTOM
气虚咳嗽,SYMPTOM
气虚血弱,SYMPTOM
气虚食减,SYMPTOM
气血不足,SYMPTOM
气血两亏,SYMPTOM
气血两虚,SYMPTOM
气血亏损,SYMPTOM
气血俱亏,SYMPTOM
气血凝滞,SYMPTOM
气血滞凝,SYMPTOM
气血虛弱,SYMPTOM
水泡,SYMPTOM
水肿,SYMPTOM
汗出,SYMPTOM
泄泻,SYMPTOM
泌尿道感染,SYMPTOM
泡沫,SYMPTOM
津亏自汗,SYMPTOM
津污自汗,SYMPTOM
活动力差,SYMPTOM
活血,SYMPTOM
活血调经,SYMPTOM
流产,SYMPTOM
流产后,SYMPTOM
流产后腹痛,SYMPTOM
流泪,SYMPTOM
流清涕,SYMPTOM
浮肿,SYMPTOM
消化不良,SYMPTOM
消化系统,SYMPTOM
消化道不适,SYMPTOM
消化道出血,SYMPTOM
消化道溃疡,SYMPTOM
消渴,SYMPTOM
消渴尿多,SYMPTOM
消炎,SYMPTOM
消瘦,SYMPTOM
消癥,SYMPTOM
消肿,SYMPTOM
涩痛,SYMPTOM
涩痛难忍,SYMPTOM
淋巴结核,SYMPTOM
淋巴结节,SYMPTOM
淋沥不净,SYMPTOM
淋沥不爽,SYMPTOM
淋沥作痛,SYMPTOM
淋沥涩痛,SYMPTOM
淋浊,SYMPTOM
淋漓不净,SYMPTOM
淋漓不尽,SYMPTOM
淋漓不断,SYMPTOM
淋漓不止,SYMPTOM
淋漓出血,SYMPTOM
淋漓涩痛,SYMPTOM
淤血疼痛,SYMPTOM
淤血阻滞,SYMPTOM
清浊利尿,SYMPTOM
渗出,SYMPTOM
渗出水肿,SYMPTOM
温肾壮阳,SYMPTOM
渴喜冷饮,SYMPTOM
湿寒带下,SYMPTOM
湿热下注,SYMPTOM
湿热型赤白带症,SYMPTOM
湿热泻痢,SYMPTOM
湿热蕴结,SYMPTOM
湿疹,SYMPTOM
溃疡出血,SYMPTOM
溶血性贫血,SYMPTOM
滋肾,SYMPTOM
滑精,SYMPTOM
滑精早泄,SYMPTOM
滑胎小产,SYMPTOM
滴沥不净,SYMPTOM
漏下不止,SYMPTOM
潮热,SYMPTOM
潮热多汗,SYMPTOM
潮热心烦,SYMPTOM
潮热汗出,SYMPTOM
潮热盗汗,SYMPTOM
潮热羸瘦,SYMPTOM
潮热赢瘦,SYMPTOM
潮红,SYMPTOM
潴留炎性分泌物增多,SYMPTOM
灼热,SYMPTOM
灼热感,SYMPTOM
灼热痛,SYMPTOM
灼痛,SYMPTOM
点滴不出,SYMPTOM
烘热,SYMPTOM
烘热汗出,SYMPTOM
烦热,SYMPTOM
烦燥,SYMPTOM
烦燥不安,SYMPTOM
烦躁,SYMPTOM
烦躁不安,SYMPTOM
烦躁失眠,SYMPTOM
烦躁易怒,SYMPTOM
烧灼,SYMPTOM
烧灼感,SYMPTOM
热淋,SYMPTOM
热淋涩痛,SYMPTOM
热疖疮疡,SYMPTOM
热痒,SYMPTOM
热赤不爽,SYMPTOM
燥咳少痰,SYMPTOM
牙根酸痛,SYMPTOM
牙齿摇动,SYMPTOM
牙龈出血,SYMPTOM
牙龈疼痛,SYMPTOM
牙龈肿痛,SYMPTOM
甲状腺肿大,SYMPTOM
男子无精,SYMPTOM
男子精液清稀,SYMPTOM
男子阳衰,SYMPTOM
男性乳房发育,SYMPTOM
畏寒失眠,SYMPTOM
畏寒怕冷,SYMPTOM
畏寒肢冷,SYMPTOM
畏寒肢准,SYMPTOM
疝气偏坠,SYMPTOM
疮疡肿毒,SYMPTOM
疲乏,SYMPTOM
疲乏无力,SYMPTOM
疲倦乏力,SYMPTOM
疲劳无力,SYMPTOM
疼痛,SYMPTOM
病久气虚,SYMPTOM
病后虚弱,SYMPTOM
症状加重,SYMPTOM
症状无改善,SYMPTOM
症瘕痞块,SYMPTOM
症瘕积聚,SYMPTOM
症见赤白带下,SYMPTOM
症见阳痿,SYMPTOM
痈疽初起,SYMPTOM
痒痛,SYMPTOM
痔漏下血,SYMPTOM
痔漏出血,SYMPTOM
痔疮出血,SYMPTOM
痛,SYMPTOM
痛经,SYMPTOM
痛经不减,SYMPTOM
痛经不减轻,SYMPTOM
痛经闭经,SYMPTOM
痛阈,SYMPTOM
痤疮,SYMPTOM
痰多,SYMPTOM
痰多粘稠,SYMPTOM
痰湿凝滞,SYMPTOM
痰热,SYMPTOM
痰饮,SYMPTOM
痰饮咳喘,SYMPTOM
痹症,SYMPTOM
瘀斑,SYMPTOM
瘀毒,SYMPTOM
瘀点瘀斑,SYMPTOM
瘀血,SYMPTOM
瘀血不净,SYMPTOM
瘀血内停,SYMPTOM
瘀血内阻,SYMPTOM
瘀血凝聚,SYMPTOM
瘀血积聚,SYMPTOM
瘀血肿胀,SYMPTOM
瘀血腹痛,SYMPTOM
瘀阻,SYMPTOM
瘕块,SYMPTOM
瘕痞块,SYMPTOM
瘕血块,SYMPTOM
瘙痒,SYMPTOM
瘙痒异味,SYMPTOM
瘙痒红肿,SYMPTOM
瘢瘕痞块,SYMPTOM
瘰历,SYMPTOM
瘰疬,SYMPTOM
瘿瘤,SYMPTOM
癃闭,SYMPTOM
癃闭不宜,SYMPTOM
癃闭不宜使用,SYMPTOM
癥块,SYMPTOM
癥瘕,SYMPTOM
癥瘕积聚,SYMPTOM
白发,SYMPTOM
白发脱发,SYMPTOM
白带,SYMPTOM
白带不止,SYMPTOM
白带增多,SYMPTOM
白带多,SYMPTOM
白带异常,SYMPTOM
白带清稀,SYMPTOM
白带过多,SYMPTOM
白带连绵,SYMPTOM
白带量多,SYMPTOM
白浊带下,SYMPTOM
白细胞减少,SYMPTOM
白色病变,SYMPTOM
皮疹,SYMPTOM
皮肤,SYMPTOM
皮肤多油,SYMPTOM
皮肤搔痒,SYMPTOM
皮肤湿疹,SYMPTOM
皮肤溃疡,SYMPTOM
皮肤潮红,SYMPTOM
皮肤潮红加重,SYMPTOM
皮肤瘙痒,SYMPTOM
皮肤破伤,SYMPTOM
皮肤过敏,SYMPTOM
盆腔包块,SYMPTOM
盆腔包快,SYMPTOM
盆腔炎,SYMPTOM
盗汗,SYMPTOM
盗汗遗精,SYMPTOM
目昏,SYMPTOM
目暗耳鸣,SYMPTOM
目涩畏光,SYMPTOM
目眩,SYMPTOM
目眶黯黑,SYMPTOM
直立性低血压,SYMPTOM
眩晕,SYMPTOM
眩晕乏力,SYMPTOM
眩晕健忘,SYMPTOM
眩晕失眠,SYMPTOM
眩晕头痛,SYMPTOM
眩晕心悸,SYMPTOM
眩晕目昏,SYMPTOM
眩晕耳呜,SYMPTOM
眩晕耳鸣,SYMPTOM
眼屎多,SYMPTOM
眼白充血发红,SYMPTOM
眼目昏花,SYMPTOM
眼结膜充血,SYMPTOM
眼结膜炎,SYMPTOM
眼花心悸,SYMPTOM
眼花耳聋,SYMPTOM
睡眠不安,SYMPTOM
睾丸疼痛,SYMPTOM
睾丸肿大,SYMPTOM
睾丸肿痛,SYMPTOM
祛瘀生新,SYMPTOM
神倦乏力,SYMPTOM
神卷尿少,SYMPTOM
神情倦怠,SYMPTOM
神疲,SYMPTOM
神疲不振,SYMPTOM
神疲乏力,SYMPTOM
神疲健忘,SYMPTOM
神疲口燥,SYMPTOM
神疲懒言,SYMPTOM
神经衰弱,SYMPTOM
秃发,SYMPTOM
积聚痞块,SYMPTOM
稠厚成块,SYMPTOM
筋脉拘挛,SYMPTOM
筋骨扭伤,SYMPTOM
筋骨无力,SYMPTOM
筋骨疼痛,SYMPTOM
筋骨痿软,SYMPTOM
筋骨软弱,SYMPTOM
筋骨酸痛,SYMPTOM
精冷不孕,SYMPTOM
精冷滑泄,SYMPTOM
精冷而稀,SYMPTOM
精力不足,SYMPTOM
精子数目少,SYMPTOM
精子活动力下降,SYMPTOM
精寒无子,SYMPTOM
精液不液化,SYMPTOM
精神不振,SYMPTOM
精神倦怠,SYMPTOM
精神怠倦,SYMPTOM
精神抑郁不安,SYMPTOM
精神疲倦,SYMPTOM
精神萎糜,SYMPTOM
精神萎靡,SYMPTOM
精血不足,SYMPTOM
精血亏耗,SYMPTOM
糖尿病,SYMPTOM
糜烂,SYMPTOM
素有癥瘕,SYMPTOM
紫癜,SYMPTOM
红斑,SYMPTOM
红热,SYMPTOM
红热疼痛,SYMPTOM
红白痢疾,SYMPTOM
红系细胞分化,SYMPTOM
红肿,SYMPTOM
红肿作痛,SYMPTOM
纳呆,SYMPTOM
纳少便溏,SYMPTOM
纳差,SYMPTOM
细胞解聚,SYMPTOM
经初行不畅,SYMPTOM
经前,SYMPTOM
经前双乳胀痛,SYMPTOM
经前疼痛,SYMPTOM
经前胸闷,SYMPTOM
经后小腹隐痛,SYMPTOM
经后少腹隐痛,SYMPTOM
经期不准,SYMPTOM
经期不适,SYMPTOM
经期乳房胀痛有块,SYMPTOM
经期前后不定,SYMPTOM
经期后延,SYMPTOM
经期后移,SYMPTOM
经期后错,SYMPTOM
经期延长,SYMPTOM
经期或胎前产后腹痛,SYMPTOM
经期提前,SYMPTOM
经期紊乱,SYMPTOM
经期腹痛,SYMPTOM
经期过长,SYMPTOM
经期错后,SYMPTOM
经来腹痛,SYMPTOM
经水不调,SYMPTOM
经水后错,SYMPTOM
经水淋漓,SYMPTOM
经水量多,SYMPTOM
经水量少,SYMPTOM
经漏早产,SYMPTOM
经痛,SYMPTOM
经络不利,SYMPTOM
经色暗淡,SYMPTOM
经色深红,SYMPTOM
经色紫黯有块,SYMPTOM
经血不畅,SYMPTOM
经血不调,SYMPTOM
经血紫暗,SYMPTOM
经血过量,SYMPTOM
经血量多,SYMPTOM
经血量少,SYMPTOM
经血闭止,SYMPTOM
经行不畅,SYMPTOM
经行前后不定期,SYMPTOM
经行小腹冷痛喜热,SYMPTOM
经行小腹胀痛,SYMPTOM
经行有块,SYMPTOM
经行腹痛,SYMPTOM
经行量少,SYMPTOM
经行错后,SYMPTOM
经过少,SYMPTOM
经量少,SYMPTOM
经量少有血块,SYMPTOM
经量或多或少,SYMPTOM
经量过多,SYMPTOM
经量过少,SYMPTOM
经闭,SYMPTOM
经闭不行,SYMPTOM
经间期出血,SYMPTOM
结缔组织增生,SYMPTOM
缺铁性贫血,SYMPTOM
老年虚弱,SYMPTOM
耳肿,SYMPTOM
耳肿胀,SYMPTOM
耳鸣,SYMPTOM
耳鸣目眩,SYMPTOM
耳鸣耳聋,SYMPTOM
耳鸣自汗,SYMPTOM
耳鸣遗精,SYMPTOM
肋痛,SYMPTOM
肋间神经痛,SYMPTOM
肌体瘦弱,SYMPTOM
肌痿无力,SYMPTOM
肌肉酸胀,SYMPTOM
肌肤甲错,SYMPTOM
肛周水肿,SYMPTOM
肛门不适,SYMPTOM
肛门瘙痒,SYMPTOM
肛门红热,SYMPTOM
肝气不舒,SYMPTOM
肝气郁结,SYMPTOM
肝肾不足,SYMPTOM
肝郁血虚,SYMPTOM
肠炎,SYMPTOM
肢体乏力,SYMPTOM
肢体倦怠,SYMPTOM
肢体僵直,SYMPTOM
肢体劳倦,SYMPTOM
肢体困倦,SYMPTOM
肢体浮肿,SYMPTOM
肢体麻木,SYMPTOM
肢倦神疲,SYMPTOM
肢冷乏力,SYMPTOM
肢冷尿频,SYMPTOM
肢冷畏寒,SYMPTOM
肺有痰热,SYMPTOM
肺浸润,SYMPTOM
肺燥咳嗽,SYMPTOM
肺结核咯血,SYMPTOM
肺虚久咳,SYMPTOM
肾亏,SYMPTOM
肾亏腰痛,SYMPTOM
肾亏遗精,SYMPTOM
肾功能不良,SYMPTOM
肾囊湿冷,SYMPTOM
肾寒,SYMPTOM
肾气不足,SYMPTOM
肾水不足,SYMPTOM
肾热,SYMPTOM
肾精不足,SYMPTOM
肾脏损害,SYMPTOM
肾虚,SYMPTOM
肾虚不固,SYMPTOM
肾虚作喘,SYMPTOM
肾虚做喘,SYMPTOM
肾虚劳损,SYMPTOM
肾虚尿频,SYMPTOM
肾虚白发,SYMPTOM
肾虚脱发,SYMPTOM
肾虚腰痛,SYMPTOM
肾虚阳痿,SYMPTOM
肾虚阳萎,SYMPTOM
肾阳不足,SYMPTOM
肾阳亏损,SYMPTOM
肿块,SYMPTOM
肿痛,SYMPTOM
肿瘤,SYMPTOM
肿胀,SYMPTOM
肿胀疼痛,SYMPTOM
肿胀痒痛,SYMPTOM
胀满疼痛,SYMPTOM
胀痛,SYMPTOM
胀痛有块,SYMPTOM
胁痛,SYMPTOM
胁肋隐痛,SYMPTOM
胁胀不眠,SYMPTOM
胃出血,SYMPTOM
胃寒,SYMPTOM
胃气疼痛,SYMPTOM
胃疼,SYMPTOM
胃痛,SYMPTOM
胃肠不适,SYMPTOM
胃肠溃疡,SYMPTOM
胃肠道,SYMPTOM
胃肠道不适,SYMPTOM
胃肠道出血,SYMPTOM
胃肠黏液,SYMPTOM
胃胀,SYMPTOM
胃胀痛,SYMPTOM
胃脘,SYMPTOM
胃脘不舒,SYMPTOM
胃脘不适,SYMPTOM
胃脘灼热感,SYMPTOM
胃脘胀痛,SYMPTOM
胃脘胀闷,SYMPTOM
胃脘部不适,SYMPTOM
胃腕胀闷,SYMPTOM
胃部不适,SYMPTOM
胃黏膜损害,SYMPTOM
胎动下坠,SYMPTOM
胎动不安,SYMPTOM
胎动不安者,SYMPTOM
胎盘不下,SYMPTOM
胸乳胀痛,SYMPTOM
胸满胁痛,SYMPTOM
胸痛,SYMPTOM
胸肋疼痛,SYMPTOM
胸肋胀痛,SYMPTOM
胸胀痛,SYMPTOM
胸胁疼痛,SYMPTOM
胸胁胀满,SYMPTOM
胸胁胀满疼痛,SYMPTOM
胸胁胀痛,SYMPTOM
胸胁胀闷,SYMPTOM
胸背满,SYMPTOM
胸脘胀满,SYMPTOM
胸腹胀满,SYMPTOM
胸腹胀闷,SYMPTOM
胸闷,SYMPTOM
胸闷善太息,SYMPTOM
胸闷头晕,SYMPTOM
胸闷气短,SYMPTOM
脂溢性脱发,SYMPTOM
脂肪瘤,SYMPTOM
脉弦,SYMPTOM
脉弦数,SYMPTOM
脉弦滑,SYMPTOM
脉沉弱,SYMPTOM
脉涩,SYMPTOM
脉滑数,SYMPTOM
脉濡,SYMPTOM
脉细弦,SYMPTOM
脉细数,SYMPTOM
脉缓弱,SYMPTOM
脐腹胀痛,SYMPTOM
脓肿,SYMPTOM
脘腹冷痛,SYMPTOM
脘腹胀满,SYMPTOM
脘闷,SYMPTOM
脱发,SYMPTOM
脱落,SYMPTOM
脾肾虚寒,SYMPTOM
脾肾虚损,SYMPTOM
脾胃不和,SYMPTOM
脾胃明显虚弱,SYMPTOM
脾胃虚寒,SYMPTOM
脾胃虚弱,SYMPTOM
脾脏系数下降,SYMPTOM
腥臭,SYMPTOM
腰疼背痛,SYMPTOM
腰痛,SYMPTOM
腰痛耳鸣,SYMPTOM
腰痛腿酸,SYMPTOM
腰痠,SYMPTOM
腰痠腿软,SYMPTOM
腰肌劳损,SYMPTOM
腰肾酸痛,SYMPTOM
腰背疼痛,SYMPTOM
腰背酸痛,SYMPTOM
腰腹冷痛,SYMPTOM
腰腹坠胀,SYMPTOM
腰腹垂胀,SYMPTOM
腰腹疼痛,SYMPTOM
腰腿疼痛,SYMPTOM
腰腿痠软,SYMPTOM
腰腿酸痛,SYMPTOM
腰腿酸软,SYMPTOM
腰膝,SYMPTOM
腰膝冷痛,SYMPTOM
腰膝无力,SYMPTOM
腰膝疲软,SYMPTOM
腰膝疲软无力,SYMPTOM
腰膝疼痛,SYMPTOM
腰膝痠冷,SYMPTOM
腰膝痠痛,SYMPTOM
腰膝痠软,SYMPTOM
腰膝软弱,SYMPTOM
腰膝酸冷,SYMPTOM
腰膝酸痛,SYMPTOM
腰膝酸软,SYMPTOM
腰部酸痛,SYMPTOM
腰酸,SYMPTOM
腰酸乏力,SYMPTOM
腰酸体倦,SYMPTOM
腰酸倦怠,SYMPTOM
腰酸如折,SYMPTOM
腰酸带下,SYMPTOM
腰酸疼痛,SYMPTOM
腰酸胀痛,SYMPTOM
腰酸背痛,SYMPTOM
腰酸胸闷,SYMPTOM
腰酸腹痛,SYMPTOM
腰酸腹胀,SYMPTOM
腰酸腿疼,SYMPTOM
腰酸腿痛,SYMPTOM
腰酸腿软,SYMPTOM
腰酸膝软,SYMPTOM
腰酸足软,SYMPTOM
腰骶疼痛,SYMPTOM
腰骶痛,SYMPTOM
腰骶部坠胀疼痛,SYMPTOM
腰骶部疼痛,SYMPTOM
腰骶酸痛,SYMPTOM
腹冷痛,SYMPTOM
腹有徵块,SYMPTOM
腹有癥,SYMPTOM
腹泻,SYMPTOM
腹痛,SYMPTOM
腹痛拒按,SYMPTOM
腹痛白带,SYMPTOM
腹痛胀满,SYMPTOM
腹痛腰痛,SYMPTOM
腹胀,SYMPTOM
腹胀便溏,SYMPTOM
腹胀腹痛,SYMPTOM
腹部不适,SYMPTOM
腹部疼痛,SYMPTOM
腹部痞胀,SYMPTOM
腹部肿块,SYMPTOM
腹部胀痛,SYMPTOM
腹隐痛,SYMPTOM
腿痛,SYMPTOM
膀胱,SYMPTOM
膀胱气化不行,SYMPTOM
膀胱炎,SYMPTOM
膝软无力,SYMPTOM
自汗,SYMPTOM
自汗多,SYMPTOM
舌无津液,SYMPTOM
舌暗苔黄腻,SYMPTOM
舌淡,SYMPTOM
舌淡紫,SYMPTOM
舌燥,SYMPTOM
舌紫暗,SYMPTOM
舌紫暗或瘀斑,SYMPTOM
舌红少津,SYMPTOM
舌红无苔,SYMPTOM
舌红苔少,SYMPTOM
舌苔黄腻,SYMPTOM
舌质暗红,SYMPTOM
舌质红,SYMPTOM
舌质红苔黄,SYMPTOM
舒肝清热,SYMPTOM
色淡,SYMPTOM
色淡质稀,SYMPTOM
色深红,SYMPTOM
色紫黑,SYMPTOM
色黄,SYMPTOM
色黄如脓,SYMPTOM
色黄有味,SYMPTOM
色黄稠粘,SYMPTOM
色黄质稠,SYMPTOM
色黄质粘,SYMPTOM
色黄质粘稠,SYMPTOM
苔厚腻,SYMPTOM
苔少,SYMPTOM
苔薄黄,SYMPTOM
苔黄腻,SYMPTOM
药物热,SYMPTOM
药疹,SYMPTOM
菌痢,SYMPTOM
萎靡,SYMPTOM
萎黄,SYMPTOM
萎黄肌瘦,SYMPTOM
营养不良,SYMPTOM
营血虚弱,SYMPTOM
落屑,SYMPTOM
葡萄胎,SYMPTOM
虚劳咳嗽,SYMPTOM
虚喘,SYMPTOM
虚弱体瘦,SYMPTOM
虚弱消瘦,SYMPTOM
虚汗,SYMPTOM
虚症带下,SYMPTOM
蛋清性足肿胀,SYMPTOM
蛋白尿,SYMPTOM
蜕皮,SYMPTOM
血亏,SYMPTOM
血亏体弱,SYMPTOM
血分有热,SYMPTOM
血压上升,SYMPTOM
血压下降,SYMPTOM
血压升高,SYMPTOM
血块排出,SYMPTOM
血块排出痛减,SYMPTOM
血小板减少,SYMPTOM
血小板减少性紫癜,SYMPTOM
血小板凝集,SYMPTOM
血小板聚集,SYMPTOM
血尿,SYMPTOM
血性分泌物,SYMPTOM
血气不足,SYMPTOM
血漏血崩,SYMPTOM
血瘀,SYMPTOM
血瘀气滞,SYMPTOM
血瘀经闭,SYMPTOM
血瘀腹痛,SYMPTOM
血管神经性头痛,SYMPTOM
血细胞减少,SYMPTOM
血色紫黯,SYMPTOM
血色紫黯成块,SYMPTOM
血色鲜红,SYMPTOM
血虚气滞,SYMPTOM
血虚眩晕,SYMPTOM
血虚萎黄,SYMPTOM
衄血,SYMPTOM
行径量少,SYMPTOM
行步艰难,SYMPTOM
行气止痛,SYMPTOM
行经后错,SYMPTOM
行经小腹冷痛,SYMPTOM
行经小腹疼痛,SYMPTOM
行经期腹痛,SYMPTOM
行经腹痛,SYMPTOM
行经量少,SYMPTOM
行而不畅,SYMPTOM
补肾益气,SYMPTOM
衰老体弱,SYMPTOM
衰退,SYMPTOM
见排尿不畅,SYMPTOM
见神疲乏力,SYMPTOM
见经水量少,SYMPTOM
见面色晃白,SYMPTOM
视力,SYMPTOM
视物变形,SYMPTOM
视物模糊,SYMPTOM
视瞻有色,SYMPTOM
触痛,SYMPTOM
记忆减退,SYMPTOM
语言低微,SYMPTOM
豆渣,SYMPTOM
豆渣状,SYMPTOM
豆腐渣,SYMPTOM
贫血,SYMPTOM
贫血头晕,SYMPTOM
贫血虚弱,SYMPTOM
贫血衰弱,SYMPTOM
贫血身弱,SYMPTOM
赤带,SYMPTOM
赤带者,SYMPTOM
赤白带,SYMPTOM
赤白带下,SYMPTOM
赶前错后,SYMPTOM
足肿胀,SYMPTOM
足膝无力,SYMPTOM
跌扑损伤,SYMPTOM
跌打损伤,SYMPTOM
身体消瘦,SYMPTOM
身体瘦弱,SYMPTOM
身体虚弱,SYMPTOM
身体虚瘦,SYMPTOM
身体衰弱,SYMPTOM
身倦无力,SYMPTOM
身疲乏力,SYMPTOM
身重困倦,SYMPTOM
身重困倦尿少,SYMPTOM
转氨酶增高,SYMPTOM
轻度动脉供血不足性阳痿,SYMPTOM
轻度恶心,SYMPTOM
轻度消化道反应,SYMPTOM
轻度胃痛,SYMPTOM
轻度胃脘不适,SYMPTOM
轻度腹泻,SYMPTOM
轻微药疹,SYMPTOM
过敏反应,SYMPTOM
迎风流泪,SYMPTOM
通经,SYMPTOM
遗尿,SYMPTOM
遗尿遗精,SYMPTOM
遗精,SYMPTOM
遗精失血,SYMPTOM
遗精早泄,SYMPTOM
遗精梦泄,SYMPTOM
遗精滑泄,SYMPTOM
遗精滑精,SYMPTOM
遗精盗汗,SYMPTOM
遗精自汗,SYMPTOM
遗精阳痿,SYMPTOM
遗精阳瘘,SYMPTOM
郁闷不舒,SYMPTOM
部黧黑斑,SYMPTOM
酸痛,SYMPTOM
酸胀,SYMPTOM
酸软,SYMPTOM
重度痛,SYMPTOM
重度痛经,SYMPTOM
量多臭味,SYMPTOM
量少,SYMPTOM
量少不畅,SYMPTOM
量少色暗,SYMPTOM
量少色淡,SYMPTOM
量少色紫,SYMPTOM
镇痛,SYMPTOM
闪腰岔气,SYMPTOM
闪腰贫气,SYMPTOM
闭经,SYMPTOM
阳痿,SYMPTOM
阳痿不举,SYMPTOM
阳痿不育,SYMPTOM
阳痿早泄,SYMPTOM
阳痿滑泄,SYMPTOM
阳痿滑精,SYMPTOM
阳痿遗精,SYMPTOM
阳瘘早泄,SYMPTOM
阳萎,SYMPTOM
阳萎不举,SYMPTOM
阳萎早泄,SYMPTOM
阳萎滑精,SYMPTOM
阳萎精冷,SYMPTOM
阳萎遗精,SYMPTOM
阳虚气弱,SYMPTOM
阴冷,SYMPTOM
阴囊湿疹,SYMPTOM
阴囊潮湿,SYMPTOM
阴囊皮肤瘙痒,SYMPTOM
阴痒,SYMPTOM
阴痒带下,SYMPTOM
阴痒病,SYMPTOM
阴痒阴肿,SYMPTOM
阴茎,SYMPTOM
阴茎勃起功能障碍,SYMPTOM
阴茎痿软不举,SYMPTOM
阴蚀,SYMPTOM
阴道不规则出血,SYMPTOM
阴道充血,SYMPTOM
阴道出血,SYMPTOM
阴道出血量多,SYMPTOM
阴道分泌物,SYMPTOM
阴道分泌物少,SYMPTOM
阴道干燥,SYMPTOM
阴道流血,SYMPTOM
阴道溃疡,SYMPTOM
阴道炎,SYMPTOM
阴道病,SYMPTOM
阴道瘙痒,SYMPTOM
阴道霉菌感染,SYMPTOM
阴部搔痒,SYMPTOM
阴部潮湿,SYMPTOM
阴部潮红,SYMPTOM
阴部灼热,SYMPTOM
阴部瘙痒,SYMPTOM
阵热汗出,SYMPTOM
附件炎,SYMPTOM
附件炎性包块,SYMPTOM
降低肠管紧张性,SYMPTOM
隐痛,SYMPTOM
难产,SYMPTOM
震颤麻痹,SYMPTOM
面浮肢肿,SYMPTOM
面白心悸,SYMPTOM
面红皮疹,SYMPTOM
面色不华,SYMPTOM
面色恍白,SYMPTOM
面色无华,SYMPTOM
面色晃白,SYMPTOM
面色晄白,SYMPTOM
面色暗黄,SYMPTOM
面色淡暗,SYMPTOM
面色白,SYMPTOM
面色白光白,SYMPTOM
面色白或萎黄,SYMPTOM
面色红赤,SYMPTOM
面色苍白,SYMPTOM
面色萎黄,SYMPTOM
面部色斑,SYMPTOM
面部色素沉着,SYMPTOM
面黄肌瘦,SYMPTOM
须发早白,SYMPTOM
须发脱落,SYMPTOM
预防流产,SYMPTOM
颜面黄褐斑,SYMPTOM
风寒,SYMPTOM
风寒骨痛,SYMPTOM
风湿久痹,SYMPTOM
风湿痹痛,SYMPTOM
风湿骨痛,SYMPTOM
食少,SYMPTOM
食少腹胀,SYMPTOM
食无津液,SYMPTOM
食欲不振,SYMPTOM
食欲减退,SYMPTOM
食积不化,SYMPTOM
饮食减少,SYMPTOM
饮食少进,SYMPTOM
骨蒸劳热,SYMPTOM
骨蒸潮热,SYMPTOM
骨质疏松,SYMPTOM
骨髓损伤,SYMPTOM
黄带,SYMPTOM
黄疸,SYMPTOM
黄白带下,SYMPTOM
黄稠,SYMPTOM
黄褐斑,SYMPTOM
黏腻,SYMPTOM
黑便,SYMPTOM
鼓胀膨闭,SYMPTOM
鼠疮瘰疠,SYMPTOM
鼠耳肿胀,SYMPTOM
鼻塞,SYMPTOM
鼻衄,SYMPTOM
齿龈出血,SYMPTOM
下焦寒凝,SYNDROME
下焦湿热,SYNDROME
下焦湿热证,SYNDROME
下焦虚寒,SYNDROME
久病体虚,SYNDROME
乳岩,SYNDROME
乳癖,SYNDROME
乳腺增生症,SYNDROME
亏虚,SYNDROME
五心烦热,SYNDROME
人参茎叶总皂苷,SYNDROME
低热起伏,SYNDROME
体虚,SYNDROME
体虚羸弱,SYNDROME
元气亏虚,SYNDROME
元阳不足,SYNDROME
内热瞀闷,SYNDROME
冲任失调,SYNDROME
冲任虚寒,SYNDROME
出血症,SYNDROME
化瘀,SYNDROME
口干苦,SYNDROME
口鼻生疮,SYNDROME
味微,SYNDROME
味苦,SYNDROME
命门火衰,SYNDROME
外感,SYNDROME
妇科炎症,SYNDROME
子宫寒冷,SYNDROME
子宫虚寒,SYNDROME
实热内盛,SYNDROME
宫寒,SYNDROME
寒凝,SYNDROME
寒凝气滞,SYNDROME
寒凝血瘀,SYNDROME
寒温凝滞,SYNDROME
属肾阳不足,SYNDROME
崩漏,SYNDROME
带下,SYNDROME
带下清稀,SYNDROME
带下湿热,SYNDROME
带下病,SYNDROME
带脉失约,SYNDROME
微苦,SYNDROME
心肝火旺,SYNDROME
心肝热盛,SYNDROME
心血不足,SYNDROME
怔忡,SYNDROME
惊悸,SYNDROME
更年期综合征,SYNDROME
更年期综合症,SYNDROME
毒热未清,SYNDROME
毒热结于脏腑经络,SYNDROME
毒瘀,SYNDROME
毒瘀互阻,SYNDROME
气微香,SYNDROME
气滞,SYNDROME
气滞不运,SYNDROME
气滞血淤,SYNDROME
气滞血瘀,SYNDROME
气滞血瘀证,SYNDROME
气滞血虚,SYNDROME
气虚,SYNDROME
气虚体弱,SYNDROME
气虚血亏,SYNDROME
气虚血少,SYNDROME
气虚血瘀,SYNDROME
气血,SYNDROME
气血不足,SYNDROME
气血两亏,SYNDROME
气血两虚,SYNDROME
气血两虚诸,SYNDROME
气血亏损,SYNDROME
气血亏虚,SYNDROME
气血俱亏,SYNDROME
气血凝滞,SYNDROME
气血虚弱,SYNDROME
气血衰弱,SYNDROME
气逆血滞,SYNDROME
气郁血滞,SYNDROME
气阴不足,SYNDROME
气阴两亏,SYNDROME
气阴两虚,SYNDROME
水湿潴留,SYNDROME
水漫内停,SYNDROME
活血,SYNDROME
活血解毒,SYNDROME
消癥,SYNDROME
淋证,SYNDROME
淤血,SYNDROME
淤血阻滞,SYNDROME
温热瘀阻,SYNDROME
湿寒带下,SYNDROME
湿毒,SYNDROME
湿毒未清,SYNDROME
湿注带下,SYNDROME
湿浊证,SYNDROME
湿热,SYNDROME
湿热下注,SYNDROME
湿热壅阻证,SYNDROME
湿热外邪,SYNDROME
湿热带下,SYNDROME
湿热挟瘀,SYNDROME
湿热挟瘀证,SYNDROME
湿热淤阻,SYNDROME
湿热痰阻证,SYNDROME
湿热瘀滞,SYNDROME
湿热瘀结,SYNDROME
湿热瘀血壅阻证,SYNDROME
湿热瘀阻,SYNDROME
湿热瘀阻证,SYNDROME
湿热蕴结,SYNDROME
湿热蘊结,SYNDROME
湿瘀互结,SYNDROME
湿瘀阻络,SYNDROME
湿阻碍脾,SYNDROME
火旺,SYNDROME
火郁,SYNDROME
热毒,SYNDROME
热毒内盛,SYNDROME
热毒证,SYNDROME
热淋,SYNDROME
热淤蕴结下焦,SYNDROME
焦寒凝,SYNDROME
理气化瘀,SYNDROME
甜,SYNDROME
痰湿,SYNDROME
痰湿凝滞,SYNDROME
痰热互结,SYNDROME
痰瘀互结,SYNDROME
痰瘀交阻,SYNDROME
痰瘀凝聚,SYNDROME
痰瘀阻滞证,SYNDROME
瘀毒内结,SYNDROME
瘀滞,SYNDROME
瘀热内蕴,SYNDROME
瘀热蕴结,SYNDROME
瘀热证,SYNDROME
瘀血,SYNDROME
瘀血内阻,SYNDROME
瘀血凝滞,SYNDROME
瘀血肿痛,SYNDROME
瘀血证,SYNDROME
瘀血阻滞,SYNDROME
瘀血阻络,SYNDROME
瘀阻,SYNDROME
瘀阻胞宫,SYNDROME
瘰疬,SYNDROME
瘿瘤,SYNDROME
癥瘕积聚,SYNDROME
百瘕积聚,SYNDROME
皮色不,SYNDROME
皮色不变,SYNDROME
盗汗,SYNDROME
目赤肿痛,SYNDROME
真阴不足,SYNDROME
精亏,SYNDROME
精气不足,SYNDROME
精血之亏虚,SYNDROME
精血亏虚,SYNDROME
红苔,SYNDROME
经血不畅,SYNDROME
经血不足,SYNDROME
肝气不舒,SYNDROME
肝气郁结,SYNDROME
肝经湿热,SYNDROME
肝肾,SYNDROME
肝肾不足,SYNDROME
肝肾两亏,SYNDROME
肝肾两虚,SYNDROME
肝肾亏虚,SYNDROME
肝肾虚,SYNDROME
肝肾阴虚,SYNDROME
肝郁,SYNDROME
肝郁所致,SYNDROME
肝郁气滞,SYNDROME
肝郁肾虚,SYNDROME
肝郁脾弱,SYNDROME
肝郁脾虚,SYNDROME
肝郁血虚,SYNDROME
肺燥咳嗽,SYNDROME
肺肾两亏,SYNDROME
肺肾两虚,SYNDROME
肺肾阴亏,SYNDROME
肺肾阴虚,SYNDROME
肺虚,SYNDROME
肾亏,SYNDROME
肾亏阳弱,SYNDROME
肾亏阳痿,SYNDROME
肾失所养,SYNDROME
肾寒,SYNDROME
肾气不固,SYNDROME
肾气不足,SYNDROME
肾气亏虚,SYNDROME
肾热,SYNDROME
肾精不足,SYNDROME
肾精亏损,SYNDROME
肾精亏虚,SYNDROME
肾脾双虚,SYNDROME
肾虚,SYNDROME
肾虚受寒,SYNDROME
肾虚夹瘀,SYNDROME
肾虚宫冷,SYNDROME
肾虚带下,SYNDROME
肾虚挟湿,SYNDROME
肾虚精亏,SYNDROME
肾虚肝郁,SYNDROME
肾虚阳衰,SYNDROME
肾阳不足,SYNDROME
肾阳亏损,SYNDROME
肾阳虚,SYNDROME
肾阳虚亏,SYNDROME
肾阳虚弱,SYNDROME
肾阳虚损,SYNDROME
肾阳虚衰,SYNDROME
肾阳虚衰证,SYNDROME
肾阳衰惫,SYNDROME
肾阴亏损,SYNDROME
肾阴亏耗,SYNDROME
肾阴亏虚,SYNDROME
肾阴虚,SYNDROME
肾阴虚证,SYNDROME
肿硬作痛,SYNDROME
胃火炽盛,SYNDROME
胃热,SYNDROME
脓肿,SYNDROME
脾失健运,SYNDROME
脾气久虚,SYNDROME
脾肾不足,SYNDROME
脾肾两亏,SYNDROME
脾肾两虚,SYNDROME
脾肾虚弱,SYNDROME
脾肾虚损,SYNDROME
脾肾阳虚,SYNDROME
脾胃虚寒,SYNDROME
脾胃虚弱,SYNDROME
脾虚,SYNDROME
脾虚便溏,SYNDROME
脾虚气焰,SYNDROME
脾虚气陷,SYNDROME
脾虚湿盛,SYNDROME
膀胱气化不行,SYNDROME
膀胱湿热,SYNDROME
自汗,SYNDROME
舒肝解郁,SYNDROME
营血不足,SYNDROME
营血虚弱,SYNDROME
蕴结,SYNDROME
蕴解胞宫,SYNDROME
虚寒,SYNDROME
虚寒证,SYNDROME
虚损,SYNDROME
虚火上炎,SYNDROME
虚证,SYNDROME
血不归经,SYNDROME
血两亏引,SYNDROME
血亏,SYNDROME
血亏血寒,SYNDROME
血分有热,SYNDROME
血寒,SYNDROME
血气不足,SYNDROME
血淤,SYNDROME
血滞,SYNDROME
血热,SYNDROME
血热有瘀,SYNDROME
血热证,SYNDROME
血症,SYNDROME
血瘀,SYNDROME
血瘀兼热证,SYNDROME
血瘀有寒,SYNDROME
血瘀气滞,SYNDROME
血瘀经闭,SYNDROME
血瘀证,SYNDROME
血虚,SYNDROME
血虚头晕,SYNDROME
血虚弱,SYNDROME
血虚气滞,SYNDROME
血虚肝郁,SYNDROME
血虚脾弱,SYNDROME
血虚萎黄,SYNDROME
血衰,SYNDROME
证属湿热,SYNDROME
赤带,SYNDROME
赤白带下,SYNDROME
身体瘦弱,SYNDROME
软坚散结,SYNDROME
镇痛,SYNDROME
阳气不足,SYNDROME
阳痿,SYNDROME
阳痿肾寒,SYNDROME
阳虚,SYNDROME
阳虚气虚,SYNDROME
阴疽初起,SYNDROME
阴痒,SYNDROME
阴虚,SYNDROME
阴虚发热,SYNDROME
阴虚火旺,SYNDROME
阴虚盗汗,SYNDROME
阴虚血热,SYNDROME
阴虚阳亢,SYNDROME
阴血亏虚,SYNDROME
阴道炎证,SYNDROME
阴阳两虚,SYNDROME
阻滞,SYNDROME
阻络,SYNDROME
风寒湿邪,SYNDROME
风寒痹阻证,SYNDROME
风湿阻络,SYNDROME
风热,SYNDROME
黄腻,SYNDROME
